team,teamInnings,inning,position,batsman,dismissal,runs,balls,M,4s,6s,SR,out/not_out,id
Namibia VS Sri Lanka,Namibia,Inning1,1,Michael van Lingen,c Pramod Madushan b Chameera,3,6,7,0,0,50.0,out,T20I # 1823
Namibia VS Sri Lanka,Namibia,Inning1,2,Divan la Cock,c Shanaka b Pramod Madushan,9,9,15,1,0,100.0,out,T20I # 1823
Namibia VS Sri Lanka,Namibia,Inning1,3,Jan Nicol Loftie-Eaton,c Mendis b Karunaratne,20,12,18,1,2,166.66,out,T20I # 1823
Namibia VS Sri Lanka,Namibia,Inning1,4,Stephan Baard,c DM de Silva b Pramod Madushan,26,24,49,2,0,108.33,out,T20I # 1823
Namibia VS Sri Lanka,Namibia,Inning1,5,Gerhard Erasmus(c),c Gunathilaka b PWH de Silva,20,24,30,0,0,83.33,out,T20I # 1823
Namibia VS Sri Lanka,Namibia,Inning1,6,Jan Frylinck,run out (Gunathilaka/Mendis),44,28,44,4,0,157.14,out,T20I # 1823
Namibia VS Sri Lanka,Namibia,Inning1,7,David Wiese,c Mendis b Theekshana,0,1,4,0,0,0.0,out,T20I # 1823
Namibia VS Sri Lanka,Namibia,Inning1,8,JJ Smit,not out,31,16,29,2,2,193.75,not out,T20I # 1823
Namibia VS Sri Lanka,Sri Lanka,Inning2,1,Pathum Nissanka,c Smit b Shikongo,9,10,16,1,0,90.0,out,T20I # 1823
Namibia VS Sri Lanka,Sri Lanka,Inning2,2,Kusal Mendis,c Green b Wiese,6,6,8,0,0,100.0,out,T20I # 1823
Namibia VS Sri Lanka,Sri Lanka,Inning2,3,Dhananjaya de Silva,c Shikongo b Frylinck,12,11,25,1,0,109.09,out,T20I # 1823
Namibia VS Sri Lanka,Sri Lanka,Inning2,4,Danushka Gunathilaka,c Green b Shikongo,0,1,2,0,0,0.0,out,T20I # 1823
Namibia VS Sri Lanka,Sri Lanka,Inning2,5,Bhanuka Rajapaksa,c la Cock b Scholtz,20,21,39,2,0,95.23,out,T20I # 1823
Namibia VS Sri Lanka,Sri Lanka,Inning2,6,Dasun Shanaka(c),c Green b Frylinck,29,23,37,2,1,126.08,out,T20I # 1823
Namibia VS Sri Lanka,Sri Lanka,Inning2,7,Wanindu Hasaranga de Silva,c Loftie-Eaton b Scholtz,4,8,9,0,0,50.0,out,T20I # 1823
Namibia VS Sri Lanka,Sri Lanka,Inning2,8,Chamika Karunaratne,c Baard b Smit,5,8,15,0,0,62.5,out,T20I # 1823
Namibia VS Sri Lanka,Sri Lanka,Inning2,9,Pramod Madushan,run out (van Lingen/Green),0,0,4,0,0,0.0,out,T20I # 1823
Namibia VS Sri Lanka,Sri Lanka,Inning2,10,Dushmantha Chameera,c Erasmus b Wiese,8,15,20,0,0,53.33,out,T20I # 1823
Namibia VS Sri Lanka,Sri Lanka,Inning2,11,Maheesh Theekshana,not out,11,11,14,0,1,100.0,not out,T20I # 1823
United Arab Emirates VS Netherlands,United Arab Emirates,Inning1,1,Chirag Suri,c Edwards b van der Merwe,12,20,28,1,0,60.0,out,T20I # 1825
United Arab Emirates VS Netherlands,United Arab Emirates,Inning1,2,Muhammad Waseem,c Pringle b Klaassen,41,47,71,1,2,87.23,out,T20I # 1825
United Arab Emirates VS Netherlands,United Arab Emirates,Inning1,3,Kashif Daud,b Pringle,15,14,19,0,1,107.14,out,T20I # 1825
United Arab Emirates VS Netherlands,United Arab Emirates,Inning1,4,Vriitya Aravind,c Klaassen b de Leede,18,21,37,0,0,85.71,out,T20I # 1825
United Arab Emirates VS Netherlands,United Arab Emirates,Inning1,5,Zawar Farid,run out (Ackermann/Edwards),2,4,8,0,0,50.0,out,T20I # 1825
United Arab Emirates VS Netherlands,United Arab Emirates,Inning1,6,Basil Hameed,c van der Merwe b de Leede,4,4,7,1,0,100.0,out,T20I # 1825
United Arab Emirates VS Netherlands,United Arab Emirates,Inning1,7,Chundangapoyil Rizwan(c),b de Leede,1,2,7,0,0,50.0,out,T20I # 1825
United Arab Emirates VS Netherlands,United Arab Emirates,Inning1,8,Aayan Afzal Khan,c Cooper b Klaassen,5,7,8,0,0,71.42,out,T20I # 1825
United Arab Emirates VS Netherlands,United Arab Emirates,Inning1,9,Karthik Meiyappan,not out,0,0,4,0,0,0.0,not out,T20I # 1825
United Arab Emirates VS Netherlands,United Arab Emirates,Inning1,10,Junaid Siddique,not out,0,1,1,0,0,0.0,not out,T20I # 1825
United Arab Emirates VS Netherlands,Netherlands,Inning2,1,Vikramjit Singh,b Basil Hameed,10,7,8,2,0,142.85,out,T20I # 1825
United Arab Emirates VS Netherlands,Netherlands,Inning2,2,Max O'Dowd,b Junaid Siddique,23,18,25,3,1,127.77,out,T20I # 1825
United Arab Emirates VS Netherlands,Netherlands,Inning2,3,Bas de Leede,c Rizwan b Meiyappan,14,18,37,1,0,77.77,out,T20I # 1825
United Arab Emirates VS Netherlands,Netherlands,Inning2,4,Colin Ackermann,c Junaid Siddique b Aayan Afzal Khan,17,19,33,1,0,89.47,out,T20I # 1825
United Arab Emirates VS Netherlands,Netherlands,Inning2,5,Tom Cooper,lbw b Junaid Siddique,8,16,22,0,0,50.0,out,T20I # 1825
United Arab Emirates VS Netherlands,Netherlands,Inning2,6,Scott Edwards(c),not out,16,19,42,0,0,84.21,not out,T20I # 1825
United Arab Emirates VS Netherlands,Netherlands,Inning2,7,Roelof van der Merwe,b Junaid Siddique,0,2,4,0,0,0.0,out,T20I # 1825
United Arab Emirates VS Netherlands,Netherlands,Inning2,8,Tim Pringle,b Zahoor Khan,15,16,26,0,0,93.75,out,T20I # 1825
United Arab Emirates VS Netherlands,Netherlands,Inning2,9,Logan van Beek,not out,4,4,7,0,0,100.0,not out,T20I # 1825
Scotland VS West Indies,Scotland,Inning1,1,George Munsey,not out,66,53,106,9,0,124.52,not out,T20I # 1826
Scotland VS West Indies,Scotland,Inning1,2,Michael Jones,b Holder,20,17,36,3,0,117.64,out,T20I # 1826
Scotland VS West Indies,Scotland,Inning1,3,Matthew Cross,c Brooks b Holder,3,5,10,0,0,60.0,out,T20I # 1826
Scotland VS West Indies,Scotland,Inning1,4,Richie Berrington(c),c Mayers b Joseph,16,14,21,0,1,114.28,out,T20I # 1826
Scotland VS West Indies,Scotland,Inning1,5,Calum MacLeod,c King b Smith,23,14,15,4,0,164.28,out,T20I # 1826
Scotland VS West Indies,Scotland,Inning1,6,Michael Leask,b Joseph,4,6,8,0,0,66.66,out,T20I # 1826
Scotland VS West Indies,Scotland,Inning1,7,Chris Greaves,not out,16,11,19,2,0,145.45,not out,T20I # 1826
Scotland VS West Indies,West Indies,Inning2,1,Kyle Mayers,c Munsey b Davey,20,13,12,3,1,153.84,out,T20I # 1826
Scotland VS West Indies,West Indies,Inning2,2,Evin Lewis,c Jones b Wheal,14,13,30,1,1,107.69,out,T20I # 1826
Scotland VS West Indies,West Indies,Inning2,3,Brandon King,b Watt,17,15,24,3,0,113.33,out,T20I # 1826
Scotland VS West Indies,West Indies,Inning2,4,Nicholas Pooran(c),b Leask,5,9,14,0,0,55.55,out,T20I # 1826
Scotland VS West Indies,West Indies,Inning2,5,Shamarh Brooks,c Leask b Wheal,4,9,24,0,0,44.44,out,T20I # 1826
Scotland VS West Indies,West Indies,Inning2,6,Rovman Powell,c MacLeod b Leask,5,6,12,0,0,83.33,out,T20I # 1826
Scotland VS West Indies,West Indies,Inning2,7,Jason Holder,c Greaves b Sharif,38,33,37,4,1,115.15,out,T20I # 1826
Scotland VS West Indies,West Indies,Inning2,8,Akeal Hosein,run out (Cross/Leask),1,1,4,0,0,100.0,out,T20I # 1826
Scotland VS West Indies,West Indies,Inning2,9,Alzarri Joseph,c Cross b Watt,0,1,4,0,0,0.0,out,T20I # 1826
Scotland VS West Indies,West Indies,Inning2,10,Odean Smith,c Greaves b Watt,5,8,14,0,0,62.5,out,T20I # 1826
Scotland VS West Indies,West Indies,Inning2,11,Obed McCoy,not out,2,3,10,0,0,66.66,not out,T20I # 1826
Zimbabwe VS Ireland,Zimbabwe,Inning1,1,Regis Chakabva,c Tucker b Little,0,2,3,0,0,0.0,out,T20I # 1828
Zimbabwe VS Ireland,Zimbabwe,Inning1,2,Craig Ervine(c),st Tucker b Simi Singh,9,12,28,1,0,75.0,out,T20I # 1828
Zimbabwe VS Ireland,Zimbabwe,Inning1,3,Wessly Madhevere,c Delany b Little,22,19,22,4,0,115.78,out,T20I # 1828
Zimbabwe VS Ireland,Zimbabwe,Inning1,4,Sean Williams,c Tector b Simi Singh,12,11,24,0,1,109.09,out,T20I # 1828
Zimbabwe VS Ireland,Zimbabwe,Inning1,5,Sikandar Raza,b Adair,82,48,72,5,5,170.83,out,T20I # 1828
Zimbabwe VS Ireland,Zimbabwe,Inning1,6,Milton Shumba,c Little b Adair,16,14,26,1,0,114.28,out,T20I # 1828
Zimbabwe VS Ireland,Zimbabwe,Inning1,7,Ryan Burl,c Adair b Little,1,4,9,0,0,25.0,out,T20I # 1828
Zimbabwe VS Ireland,Zimbabwe,Inning1,8,Luke Jongwe,not out,20,10,14,3,0,200.0,not out,T20I # 1828
Zimbabwe VS Ireland,Ireland,Inning2,1,Paul Stirling,b Ngarava,0,2,3,0,0,0.0,out,T20I # 1828
Zimbabwe VS Ireland,Ireland,Inning2,2,Andy Balbirnie(c),c Ervine b Muzarabani,3,4,20,0,0,75.0,out,T20I # 1828
Zimbabwe VS Ireland,Ireland,Inning2,3,Lorcan Tucker,b Ngarava,11,11,10,2,0,100.0,out,T20I # 1828
Zimbabwe VS Ireland,Ireland,Inning2,4,Harry Tector,c Ervine b Muzarabani,1,4,5,0,0,25.0,out,T20I # 1828
Zimbabwe VS Ireland,Ireland,Inning2,5,Curtis Campher,b Williams,27,22,41,1,0,122.72,out,T20I # 1828
Zimbabwe VS Ireland,Ireland,Inning2,6,George Dockrell,b Sikandar Raza,24,20,25,3,0,120.0,out,T20I # 1828
Zimbabwe VS Ireland,Ireland,Inning2,7,Gareth Delany,c Shumba b Chatara,24,20,23,1,1,120.0,out,T20I # 1828
Zimbabwe VS Ireland,Ireland,Inning2,8,Mark Adair,c Sikandar Raza b Muzarabani,9,10,18,0,1,90.0,out,T20I # 1828
Zimbabwe VS Ireland,Ireland,Inning2,9,Simi Singh,b Chatara,0,1,1,0,0,0.0,out,T20I # 1828
Zimbabwe VS Ireland,Ireland,Inning2,10,Barry McCarthy,not out,22,16,23,1,2,137.5,not out,T20I # 1828
Zimbabwe VS Ireland,Ireland,Inning2,11,Josh Little,not out,7,11,17,1,0,63.63,not out,T20I # 1828
Namibia VS Netherlands,Namibia,Inning1,1,Michael van Lingen,c de Leede b Ackermann,20,19,20,3,0,105.26,out,T20I # 1830
Namibia VS Netherlands,Namibia,Inning1,2,Divan la Cock,c de Leede b Pringle,0,2,5,0,0,0.0,out,T20I # 1830
Namibia VS Netherlands,Namibia,Inning1,3,Stephan Baard,c Klaassen b van der Merwe,19,22,46,0,0,86.36,out,T20I # 1830
Namibia VS Netherlands,Namibia,Inning1,4,Jan Nicol Loftie-Eaton,c Edwards b van Meekeren,0,2,3,0,0,0.0,out,T20I # 1830
Namibia VS Netherlands,Namibia,Inning1,5,Jan Frylinck,c van Meekeren b de Leede,43,48,63,1,1,89.58,out,T20I # 1830
Namibia VS Netherlands,Namibia,Inning1,6,Gerhard Erasmus(c),b de Leede,16,18,37,0,0,88.88,out,T20I # 1830
Namibia VS Netherlands,Namibia,Inning1,7,David Wiese,not out,11,5,8,1,0,220.0,not out,T20I # 1830
Namibia VS Netherlands,Namibia,Inning1,8,JJ Smit,not out,5,4,6,1,0,125.0,not out,T20I # 1830
Namibia VS Netherlands,Netherlands,Inning2,1,Max O'Dowd,run out (Erasmus),35,35,59,1,1,100.0,out,T20I # 1830
Namibia VS Netherlands,Netherlands,Inning2,2,Vikramjit Singh,c Loftie-Eaton b Scholtz,39,31,37,3,2,125.8,out,T20I # 1830
Namibia VS Netherlands,Netherlands,Inning2,3,Bas de Leede,not out,30,30,51,2,0,100.0,not out,T20I # 1830
Namibia VS Netherlands,Netherlands,Inning2,4,Tom Cooper,c van Lingen b Smit,6,6,7,1,0,100.0,out,T20I # 1830
Namibia VS Netherlands,Netherlands,Inning2,5,Colin Ackermann,c Erasmus b Smit,0,2,2,0,0,0.0,out,T20I # 1830
Namibia VS Netherlands,Netherlands,Inning2,6,Scott Edwards(c),c Loftie-Eaton b Frylinck,1,5,5,0,0,20.0,out,T20I # 1830
Namibia VS Netherlands,Netherlands,Inning2,7,Tim Pringle,not out,8,9,14,0,0,88.88,not out,T20I # 1830
Sri Lanka VS United Arab Emirates,Sri Lanka,Inning1,1,Pathum Nissanka,c Basil Hameed b Zahoor Khan,74,60,105,6,2,123.33,out,T20I # 1832
Sri Lanka VS United Arab Emirates,Sri Lanka,Inning1,2,Kusal Mendis,lbw b Aryan Lakra,18,13,24,2,0,138.46,out,T20I # 1832
Sri Lanka VS United Arab Emirates,Sri Lanka,Inning1,3,Dhananjaya de Silva,run out (Muhammad Waseem/Aayan Afzal Khan),33,21,30,3,1,157.14,out,T20I # 1832
Sri Lanka VS United Arab Emirates,Sri Lanka,Inning1,4,Bhanuka Rajapaksa,c Kashif Daud b Meiyappan,5,8,19,0,0,62.5,out,T20I # 1832
Sri Lanka VS United Arab Emirates,Sri Lanka,Inning1,5,Charith Asalanka,c Aravind b Meiyappan,0,1,2,0,0,0.0,out,T20I # 1832
Sri Lanka VS United Arab Emirates,Sri Lanka,Inning1,6,Dasun Shanaka(c),b Meiyappan,0,1,2,0,0,0.0,out,T20I # 1832
Sri Lanka VS United Arab Emirates,Sri Lanka,Inning1,7,Wanindu Hasaranga de Silva,c Basil Hameed b Aayan Afzal Khan,2,3,3,0,0,66.66,out,T20I # 1832
Sri Lanka VS United Arab Emirates,Sri Lanka,Inning1,8,Chamika Karunaratne,c Kashif Daud b Zahoor Khan,8,11,22,1,0,72.72,out,T20I # 1832
Sri Lanka VS United Arab Emirates,Sri Lanka,Inning1,9,Pramod Madushan,not out,1,1,4,0,0,100.0,not out,T20I # 1832
Sri Lanka VS United Arab Emirates,Sri Lanka,Inning1,10,Dushmantha Chameera,not out,1,1,2,0,0,100.0,not out,T20I # 1832
Sri Lanka VS United Arab Emirates,United Arab Emirates,Inning2,1,Muhammad Waseem,b Chameera,2,4,13,0,0,50.0,out,T20I # 1832
Sri Lanka VS United Arab Emirates,United Arab Emirates,Inning2,2,Chirag Suri,b Pramod Madushan,14,19,31,3,0,73.68,out,T20I # 1832
Sri Lanka VS United Arab Emirates,United Arab Emirates,Inning2,3,Aryan Lakra,b Chameera,1,3,4,0,0,33.33,out,T20I # 1832
Sri Lanka VS United Arab Emirates,United Arab Emirates,Inning2,4,Chundangapoyil Rizwan(c),c Rajapaksa b Chameera,1,3,8,0,0,33.33,out,T20I # 1832
Sri Lanka VS United Arab Emirates,United Arab Emirates,Inning2,5,Vriitya Aravind,lbw b PWH de Silva,9,18,26,1,0,50.0,out,T20I # 1832
Sri Lanka VS United Arab Emirates,United Arab Emirates,Inning2,6,Basil Hameed,c DM de Silva b Shanaka,2,6,14,0,0,33.33,out,T20I # 1832
Sri Lanka VS United Arab Emirates,United Arab Emirates,Inning2,7,Aayan Afzal Khan,b PWH de Silva,19,21,33,1,0,90.47,out,T20I # 1832
Sri Lanka VS United Arab Emirates,United Arab Emirates,Inning2,8,Kashif Daud,lbw b PWH de Silva,0,4,8,0,0,0.0,out,T20I # 1832
Sri Lanka VS United Arab Emirates,United Arab Emirates,Inning2,9,Karthik Meiyappan,st Mendis b Theekshana,4,8,11,0,0,50.0,out,T20I # 1832
Sri Lanka VS United Arab Emirates,United Arab Emirates,Inning2,10,Junaid Siddique,c Nissanka b Theekshana,18,16,22,1,1,112.5,out,T20I # 1832
Sri Lanka VS United Arab Emirates,United Arab Emirates,Inning2,11,Zahoor Khan,not out,1,1,15,0,0,100.0,not out,T20I # 1832
Scotland VS Ireland,Scotland,Inning1,1,George Munsey,lbw b Adair,1,2,9,0,0,50.0,out,T20I # 1833
Scotland VS Ireland,Scotland,Inning1,2,Michael Jones,c Adair b Little,86,55,95,6,4,156.36,out,T20I # 1833
Scotland VS Ireland,Scotland,Inning1,3,Matthew Cross,c McCarthy b Campher,28,21,33,5,0,133.33,out,T20I # 1833
Scotland VS Ireland,Scotland,Inning1,4,Richie Berrington(c),c Dockrell b Campher,37,27,39,3,1,137.03,out,T20I # 1833
Scotland VS Ireland,Scotland,Inning1,5,Michael Leask,not out,17,13,19,2,0,130.76,not out,T20I # 1833
Scotland VS Ireland,Scotland,Inning1,6,Calum MacLeod,run out (Tucker),0,3,6,0,0,0.0,out,T20I # 1833
Scotland VS Ireland,Ireland,Inning2,1,Paul Stirling,c Cross b Sharif,8,10,22,1,0,80.0,out,T20I # 1833
Scotland VS Ireland,Ireland,Inning2,2,Andy Balbirnie(c),c Jones b Wheal,14,12,15,2,0,116.66,out,T20I # 1833
Scotland VS Ireland,Ireland,Inning2,3,Lorcan Tucker,c Davey b Watt,20,17,28,2,0,117.64,out,T20I # 1833
Scotland VS Ireland,Ireland,Inning2,4,Harry Tector,c Greaves b Leask,14,16,23,1,0,87.5,out,T20I # 1833
Scotland VS Ireland,Ireland,Inning2,5,Curtis Campher,not out,72,32,48,7,2,225.0,not out,T20I # 1833
Scotland VS Ireland,Ireland,Inning2,6,George Dockrell,not out,39,27,42,4,1,144.44,not out,T20I # 1833
West Indies VS Zimbabwe,West Indies,Inning1,1,Kyle Mayers,c Chakabva b Muzarabani,13,12,17,2,0,108.33,out,T20I # 1834
West Indies VS Zimbabwe,West Indies,Inning1,2,Johnson Charles,run out (Munyonga/Williams),45,36,60,3,2,125.0,out,T20I # 1834
West Indies VS Zimbabwe,West Indies,Inning1,3,Evin Lewis,c Shumba b Sikandar Raza,15,18,28,1,0,83.33,out,T20I # 1834
West Indies VS Zimbabwe,West Indies,Inning1,4,Nicholas Pooran(c),c & b Williams,7,9,10,0,0,77.77,out,T20I # 1834
West Indies VS Zimbabwe,West Indies,Inning1,5,Rovman Powell,c Ngarava b Muzarabani,28,21,40,1,2,133.33,out,T20I # 1834
West Indies VS Zimbabwe,West Indies,Inning1,6,Shamarh Brooks,lbw b Sikandar Raza,0,3,5,0,0,0.0,out,T20I # 1834
West Indies VS Zimbabwe,West Indies,Inning1,7,Jason Holder,c & b Sikandar Raza,4,3,3,0,0,133.33,out,T20I # 1834
West Indies VS Zimbabwe,West Indies,Inning1,8,Akeal Hosein,not out,23,18,31,2,0,127.77,not out,T20I # 1834
West Indies VS Zimbabwe,West Indies,Inning1,9,Odean Smith,not out,1,2,2,0,0,50.0,not out,T20I # 1834
West Indies VS Zimbabwe,Zimbabwe,Inning2,1,Wessly Madhevere,c Lewis b Holder,27,19,37,3,1,142.1,out,T20I # 1834
West Indies VS Zimbabwe,Zimbabwe,Inning2,2,Regis Chakabva(c),b Joseph,13,9,14,3,0,144.44,out,T20I # 1834
West Indies VS Zimbabwe,Zimbabwe,Inning2,3,Tony Munyonga,b Joseph,2,6,12,0,0,33.33,out,T20I # 1834
West Indies VS Zimbabwe,Zimbabwe,Inning2,4,Sean Williams,c Pooran b McCoy,1,2,4,0,0,50.0,out,T20I # 1834
West Indies VS Zimbabwe,Zimbabwe,Inning2,5,Sikandar Raza,c Powell b Smith,14,8,12,1,1,175.0,out,T20I # 1834
West Indies VS Zimbabwe,Zimbabwe,Inning2,6,Milton Shumba,c Brooks b Hosein,2,9,20,0,0,22.22,out,T20I # 1834
West Indies VS Zimbabwe,Zimbabwe,Inning2,7,Ryan Burl,lbw b Holder,17,19,30,3,0,89.47,out,T20I # 1834
West Indies VS Zimbabwe,Zimbabwe,Inning2,8,Luke Jongwe,b Joseph,29,22,31,3,1,131.81,out,T20I # 1834
West Indies VS Zimbabwe,Zimbabwe,Inning2,9,Richard Ngarava,b Joseph,2,6,11,0,0,33.33,out,T20I # 1834
West Indies VS Zimbabwe,Zimbabwe,Inning2,10,Tendai Chatara,b Holder,3,8,12,0,0,37.5,out,T20I # 1834
West Indies VS Zimbabwe,Zimbabwe,Inning2,11,Blessing Muzarabani,not out,1,4,4,0,0,25.0,not out,T20I # 1834
Sri Lanka VS Netherlands,Sri Lanka,Inning1,1,Pathum Nissanka,b van Meekeren,14,21,25,0,1,66.66,out,T20I # 1835
Sri Lanka VS Netherlands,Sri Lanka,Inning1,2,Kusal Mendis,c sub (LV van Beek) b van der Gugten,79,44,94,5,5,179.54,out,T20I # 1835
Sri Lanka VS Netherlands,Sri Lanka,Inning1,3,Dhananjaya de Silva,lbw b van Meekeren,0,1,2,0,0,0.0,out,T20I # 1835
Sri Lanka VS Netherlands,Sri Lanka,Inning1,4,Charith Asalanka,c Edwards b de Leede,31,30,38,3,0,103.33,out,T20I # 1835
Sri Lanka VS Netherlands,Sri Lanka,Inning1,5,Bhanuka Rajapaksa,c Pringle b de Leede,19,13,18,2,0,146.15,out,T20I # 1835
Sri Lanka VS Netherlands,Sri Lanka,Inning1,6,Dasun Shanaka(c),c Ackermann b Klaassen,8,5,9,0,1,160.0,out,T20I # 1835
Sri Lanka VS Netherlands,Sri Lanka,Inning1,7,Wanindu Hasaranga de Silva,not out,5,4,8,0,0,125.0,not out,T20I # 1835
Sri Lanka VS Netherlands,Sri Lanka,Inning1,8,Chamika Karunaratne,not out,2,2,4,0,0,100.0,not out,T20I # 1835
Sri Lanka VS Netherlands,Netherlands,Inning2,1,Max O'Dowd,not out,71,53,99,6,3,133.96,not out,T20I # 1835
Sri Lanka VS Netherlands,Netherlands,Inning2,2,Vikramjit Singh,c Shanaka b Theekshana,7,14,18,0,0,50.0,out,T20I # 1835
Sri Lanka VS Netherlands,Netherlands,Inning2,3,Bas de Leede,c Mendis b Kumara,14,10,12,1,1,140.0,out,T20I # 1835
Sri Lanka VS Netherlands,Netherlands,Inning2,4,Colin Ackermann,c & b PWH de Silva,0,1,4,0,0,0.0,out,T20I # 1835
Sri Lanka VS Netherlands,Netherlands,Inning2,5,Tom Cooper,b Theekshana,16,19,23,2,0,84.21,out,T20I # 1835
Sri Lanka VS Netherlands,Netherlands,Inning2,6,Scott Edwards(c),b Fernando,21,15,16,3,0,140.0,out,T20I # 1835
Sri Lanka VS Netherlands,Netherlands,Inning2,7,Tim Pringle,run out (DM de Silva),2,4,8,0,0,50.0,out,T20I # 1835
Sri Lanka VS Netherlands,Netherlands,Inning2,8,Timm van der Gugten,b PWH de Silva,0,1,2,0,0,0.0,out,T20I # 1835
Sri Lanka VS Netherlands,Netherlands,Inning2,9,Fred Klaassen,b PWH de Silva,3,3,5,0,0,100.0,out,T20I # 1835
Sri Lanka VS Netherlands,Netherlands,Inning2,10,Paul van Meekeren,run out (Shanaka),0,0,4,0,0,0.0,out,T20I # 1835
Sri Lanka VS Netherlands,Netherlands,Inning2,11,Roelof van der Merwe,not out,0,1,14,0,0,0.0,not out,T20I # 1835
United Arab Emirates VS Namibia,United Arab Emirates,Inning1,1,Muhammad Waseem,c Trumpelmann b Shikongo,50,41,66,1,3,121.95,out,T20I # 1836
United Arab Emirates VS Namibia,United Arab Emirates,Inning1,2,Vriitya Aravind,c van Lingen b Scholtz,21,32,34,2,0,65.62,out,T20I # 1836
United Arab Emirates VS Namibia,United Arab Emirates,Inning1,3,Chundangapoyil Rizwan(c),not out,43,29,55,3,1,148.27,not out,T20I # 1836
United Arab Emirates VS Namibia,United Arab Emirates,Inning1,4,Alishan Sharafu,c Green b Wiese,4,4,10,0,0,100.0,out,T20I # 1836
United Arab Emirates VS Namibia,United Arab Emirates,Inning1,5,Basil Hameed,not out,25,14,13,2,2,178.57,not out,T20I # 1836
United Arab Emirates VS Namibia,Namibia,Inning2,1,Michael van Lingen,c Sharafu b Basil Hameed,10,8,14,1,0,125.0,out,T20I # 1836
United Arab Emirates VS Namibia,Namibia,Inning2,2,Stephan Baard,c Ahmed Raza b Junaid Siddique,4,6,9,1,0,66.66,out,T20I # 1836
United Arab Emirates VS Namibia,Namibia,Inning2,3,Jan Nicol Loftie-Eaton,lbw b Basil Hameed,1,6,17,0,0,16.66,out,T20I # 1836
United Arab Emirates VS Namibia,Namibia,Inning2,4,Gerhard Erasmus(c),b Meiyappan,16,18,23,2,0,88.88,out,T20I # 1836
United Arab Emirates VS Namibia,Namibia,Inning2,5,Jan Frylinck,b Zahoor Khan,14,17,33,1,0,82.35,out,T20I # 1836
United Arab Emirates VS Namibia,Namibia,Inning2,6,JJ Smit,run out (Meiyappan/Ahmed Raza),3,3,3,0,0,100.0,out,T20I # 1836
United Arab Emirates VS Namibia,Namibia,Inning2,7,David Wiese,c Sharafu b Muhammad Waseem,55,36,65,3,3,152.77,out,T20I # 1836
United Arab Emirates VS Namibia,Namibia,Inning2,8,Zane Green,b Zahoor Khan,2,3,3,0,0,66.66,out,T20I # 1836
United Arab Emirates VS Namibia,Namibia,Inning2,9,Ruben Trumpelmann,not out,25,24,43,1,1,104.16,not out,T20I # 1836
United Arab Emirates VS Namibia,Namibia,Inning2,10,Bernard Scholtz,not out,1,1,-,0,0,100.0,not out,T20I # 1836
West Indies VS Ireland,West Indies,Inning1,1,Kyle Mayers,c Tector b McCarthy,1,5,12,0,0,20.0,out,T20I # 1837
West Indies VS Ireland,West Indies,Inning1,2,Johnson Charles,c Campher b Simi Singh,24,18,22,3,1,133.33,out,T20I # 1837
West Indies VS Ireland,West Indies,Inning1,3,Evin Lewis,c Adair b Delany,13,18,42,0,0,72.22,out,T20I # 1837
West Indies VS Ireland,West Indies,Inning1,4,Brandon King,not out,62,48,80,6,1,129.16,not out,T20I # 1837
West Indies VS Ireland,West Indies,Inning1,5,Nicholas Pooran(c),c Tector b Delany,13,11,16,0,1,118.18,out,T20I # 1837
West Indies VS Ireland,West Indies,Inning1,6,Rovman Powell,c Tector b Delany,6,8,12,1,0,75.0,out,T20I # 1837
West Indies VS Ireland,West Indies,Inning1,7,Odean Smith,not out,19,12,18,1,2,158.33,not out,T20I # 1837
West Indies VS Ireland,Ireland,Inning2,1,Paul Stirling,not out,66,48,79,6,2,137.5,not out,T20I # 1837
West Indies VS Ireland,Ireland,Inning2,2,Andy Balbirnie(c),c Mayers b Hosein,37,23,34,3,3,160.86,out,T20I # 1837
West Indies VS Ireland,Ireland,Inning2,3,Lorcan Tucker,not out,45,35,46,2,2,128.57,not out,T20I # 1837
Scotland VS Zimbabwe,Scotland,Inning1,1,George Munsey,c Shumba b Ngarava,54,51,74,7,0,105.88,out,T20I # 1838
Scotland VS Zimbabwe,Scotland,Inning1,2,Michael Jones,c Sikandar Raza b Chatara,4,5,6,1,0,80.0,out,T20I # 1838
Scotland VS Zimbabwe,Scotland,Inning1,3,Matthew Cross,c Madhevere b Ngarava,1,7,15,0,0,14.28,out,T20I # 1838
Scotland VS Zimbabwe,Scotland,Inning1,4,Richie Berrington(c),c Shumba b Sikandar Raza,13,15,24,0,0,86.66,out,T20I # 1838
Scotland VS Zimbabwe,Scotland,Inning1,5,Calum MacLeod,c Jongwe b Chatara,25,26,46,1,0,96.15,out,T20I # 1838
Scotland VS Zimbabwe,Scotland,Inning1,6,Michael Leask,b Muzarabani,12,9,11,2,0,133.33,out,T20I # 1838
Scotland VS Zimbabwe,Scotland,Inning1,7,Chris Greaves,not out,3,7,10,0,0,42.85,not out,T20I # 1838
Scotland VS Zimbabwe,Scotland,Inning1,8,Josh Davey,not out,4,3,3,0,0,133.33,not out,T20I # 1838
Scotland VS Zimbabwe,Zimbabwe,Inning2,1,Regis Chakabva,lbw b Wheal,4,3,3,1,0,133.33,out,T20I # 1838
Scotland VS Zimbabwe,Zimbabwe,Inning2,2,Craig Ervine(c),c MacLeod b Watt,58,54,79,6,0,107.4,out,T20I # 1838
Scotland VS Zimbabwe,Zimbabwe,Inning2,3,Wessly Madhevere,b Davey,0,5,8,0,0,0.0,out,T20I # 1838
Scotland VS Zimbabwe,Zimbabwe,Inning2,4,Sean Williams,c Wheal b Leask,7,12,28,0,0,58.33,out,T20I # 1838
Scotland VS Zimbabwe,Zimbabwe,Inning2,5,Sikandar Raza,c Cross b Davey,40,23,34,3,2,173.91,out,T20I # 1838
Scotland VS Zimbabwe,Zimbabwe,Inning2,6,Milton Shumba,not out,11,11,16,0,0,100.0,not out,T20I # 1838
Scotland VS Zimbabwe,Zimbabwe,Inning2,7,Ryan Burl,not out,9,5,7,1,0,180.0,not out,T20I # 1838
New Zealand VS Australia,New Zealand,Inning1,1,Finn Allen,b Hazlewood,42,16,24,5,3,262.5,out,T20I # 1839
New Zealand VS Australia,New Zealand,Inning1,2,Devon Conway,not out,92,58,106,7,2,158.62,not out,T20I # 1839
New Zealand VS Australia,New Zealand,Inning1,3,Kane Williamson(c),lbw b Zampa,23,23,48,1,1,100.0,out,T20I # 1839
New Zealand VS Australia,New Zealand,Inning1,4,Glenn Phillips,c & b Hazlewood,12,10,16,2,0,120.0,out,T20I # 1839
New Zealand VS Australia,New Zealand,Inning1,5,James Neesham,not out,26,13,19,0,2,200.0,not out,T20I # 1839
New Zealand VS Australia,Australia,Inning2,1,David Warner,b Southee,5,6,7,1,0,83.33,out,T20I # 1839
New Zealand VS Australia,Australia,Inning2,2,Aaron Finch(c),c Williamson b Santner,13,11,20,1,1,118.18,out,T20I # 1839
New Zealand VS Australia,Australia,Inning2,3,Mitchell Marsh,c Neesham b Southee,16,12,17,2,1,133.33,out,T20I # 1839
New Zealand VS Australia,Australia,Inning2,4,Glenn Maxwell,b Sodhi,28,20,47,3,1,140.0,out,T20I # 1839
New Zealand VS Australia,Australia,Inning2,5,Marcus Stoinis,c Phillips b Santner,7,14,16,0,0,50.0,out,T20I # 1839
New Zealand VS Australia,Australia,Inning2,6,Tim David,c Neesham b Santner,11,8,12,0,1,137.5,out,T20I # 1839
New Zealand VS Australia,Australia,Inning2,7,Matthew Wade,c Conway b Ferguson,2,4,10,0,0,50.0,out,T20I # 1839
New Zealand VS Australia,Australia,Inning2,8,Pat Cummins,c Conway b Southee,21,18,27,2,1,116.66,out,T20I # 1839
New Zealand VS Australia,Australia,Inning2,9,Mitchell Starc,b Boult,4,7,13,0,0,57.14,out,T20I # 1839
New Zealand VS Australia,Australia,Inning2,10,Adam Zampa,b Boult,0,2,3,0,0,0.0,out,T20I # 1839
New Zealand VS Australia,Australia,Inning2,11,Josh Hazlewood,not out,1,1,6,0,0,100.0,not out,T20I # 1839
Afghanistan VS England,Afghanistan,Inning1,1,Hazratullah Zazai,c Livingstone b Stokes,7,17,31,1,0,41.17,out,T20I # 1840
Afghanistan VS England,Afghanistan,Inning1,2,Rahmanullah Gurbaz,c Buttler b Wood,10,9,13,0,1,111.11,out,T20I # 1840
Afghanistan VS England,Afghanistan,Inning1,3,Ibrahim Zadran,c Ali b Curran,32,32,41,3,1,100.0,out,T20I # 1840
Afghanistan VS England,Afghanistan,Inning1,4,Usman Ghani,c Livingstone b Curran,30,30,60,3,0,100.0,out,T20I # 1840
Afghanistan VS England,Afghanistan,Inning1,5,Najibullah Zadran,c Rashid b Stokes,13,11,15,0,1,118.18,out,T20I # 1840
Afghanistan VS England,Afghanistan,Inning1,6,Mohammad Nabi(c),c Buttler b Wood,3,5,7,0,0,60.0,out,T20I # 1840
Afghanistan VS England,Afghanistan,Inning1,7,Azmatullah Omarzai,c Stokes b Curran,8,6,11,1,0,133.33,out,T20I # 1840
Afghanistan VS England,Afghanistan,Inning1,8,Rashid Khan,c Hales b Curran,0,1,2,0,0,0.0,out,T20I # 1840
Afghanistan VS England,Afghanistan,Inning1,9,Mujeeb Ur Rahman,c & b Woakes,0,1,3,0,0,0.0,out,T20I # 1840
Afghanistan VS England,Afghanistan,Inning1,10,Fareed Ahmad,not out,2,4,7,0,0,50.0,not out,T20I # 1840
Afghanistan VS England,Afghanistan,Inning1,11,Fazalhaq Farooqi,c Malan b Curran,0,2,3,0,0,0.0,out,T20I # 1840
Afghanistan VS England,England,Inning2,1,Jos Buttler(c),c Mujeeb Ur Rahman b Fazalhaq Farooqi,18,18,25,3,0,100.0,out,T20I # 1840
Afghanistan VS England,England,Inning2,2,Alex Hales,c Fazalhaq Farooqi b Fareed Ahmad,19,20,41,0,1,95.0,out,T20I # 1840
Afghanistan VS England,England,Inning2,3,Dawid Malan,c Mohammad Nabi b Mujeeb Ur Rahman,18,30,40,0,0,60.0,out,T20I # 1840
Afghanistan VS England,England,Inning2,4,Ben Stokes,b Mohammad Nabi,2,4,11,0,0,50.0,out,T20I # 1840
Afghanistan VS England,England,Inning2,5,Liam Livingstone,not out,29,21,34,3,0,138.09,not out,T20I # 1840
Afghanistan VS England,England,Inning2,6,Harry Brook,c Ibrahim Zadran b Rashid Khan,7,6,9,0,0,116.66,out,T20I # 1840
Afghanistan VS England,England,Inning2,7,Moeen Ali,not out,8,10,13,0,0,80.0,not out,T20I # 1840
Ireland VS Sri Lanka,Ireland,Inning1,1,Paul Stirling,c Rajapaksa b DM de Silva,34,25,45,4,1,136.0,out,T20I # 1841
Ireland VS Sri Lanka,Ireland,Inning1,2,Andy Balbirnie(c),b Kumara,1,5,7,0,0,20.0,out,T20I # 1841
Ireland VS Sri Lanka,Ireland,Inning1,3,Lorcan Tucker,b Theekshana,10,11,20,1,0,90.9,out,T20I # 1841
Ireland VS Sri Lanka,Ireland,Inning1,4,Harry Tector,c Shanaka b Fernando,45,42,59,2,1,107.14,out,T20I # 1841
Ireland VS Sri Lanka,Ireland,Inning1,5,Curtis Campher,c Asalanka b Karunaratne,2,4,6,0,0,50.0,out,T20I # 1841
Ireland VS Sri Lanka,Ireland,Inning1,6,George Dockrell,b Theekshana,14,16,25,0,0,87.5,out,T20I # 1841
Ireland VS Sri Lanka,Ireland,Inning1,7,Gareth Delany,c Karunaratne b PWH de Silva,9,6,10,1,0,150.0,out,T20I # 1841
Ireland VS Sri Lanka,Ireland,Inning1,8,Mark Adair,c Karunaratne b PWH de Silva,0,1,5,0,0,0.0,out,T20I # 1841
Ireland VS Sri Lanka,Ireland,Inning1,9,Simi Singh,not out,7,8,9,1,0,87.5,not out,T20I # 1841
Ireland VS Sri Lanka,Ireland,Inning1,10,Barry McCarthy,not out,2,2,7,0,0,100.0,not out,T20I # 1841
Ireland VS Sri Lanka,Sri Lanka,Inning2,1,Kusal Mendis,not out,68,43,68,5,3,158.13,not out,T20I # 1841
Ireland VS Sri Lanka,Sri Lanka,Inning2,2,Dhananjaya de Silva,c Tucker b Delany,31,25,35,2,1,124.0,out,T20I # 1841
Ireland VS Sri Lanka,Sri Lanka,Inning2,3,Charith Asalanka,not out,31,22,33,2,0,140.9,not out,T20I # 1841
Pakistan VS India,Pakistan,Inning1,1,Mohammad Rizwan,c Kumar b Arshdeep Singh,4,12,25,1,0,33.33,out,T20I # 1842
Pakistan VS India,Pakistan,Inning1,2,Babar Azam(c),lbw b Arshdeep Singh,0,1,10,0,0,0.0,out,T20I # 1842
Pakistan VS India,Pakistan,Inning1,3,Shan Masood,not out,52,42,101,5,0,123.8,not out,T20I # 1842
Pakistan VS India,Pakistan,Inning1,4,Iftikhar Ahmed,lbw b Mohammed Shami,51,34,43,2,4,150.0,out,T20I # 1842
Pakistan VS India,Pakistan,Inning1,5,Shadab Khan,c Yadav b Pandya,5,6,6,1,0,83.33,out,T20I # 1842
Pakistan VS India,Pakistan,Inning1,6,Haider Ali,c Yadav b Pandya,2,4,6,0,0,50.0,out,T20I # 1842
Pakistan VS India,Pakistan,Inning1,7,Mohammad Nawaz,c Karthik b Pandya,9,6,12,2,0,150.0,out,T20I # 1842
Pakistan VS India,Pakistan,Inning1,8,Asif Ali,c Karthik b Arshdeep Singh,2,3,6,0,0,66.66,out,T20I # 1842
Pakistan VS India,Pakistan,Inning1,9,Shaheen Shah Afridi,c & b Kumar,16,8,17,1,1,200.0,out,T20I # 1842
Pakistan VS India,Pakistan,Inning1,10,Haris Rauf,not out,6,4,3,0,1,150.0,not out,T20I # 1842
Pakistan VS India,India,Inning2,1,KL Rahul,b Naseem Shah,4,8,13,0,0,50.0,out,T20I # 1842
Pakistan VS India,India,Inning2,2,Rohit Sharma(c),c Iftikhar Ahmed b Haris Rauf,4,7,20,0,0,57.14,out,T20I # 1842
Pakistan VS India,India,Inning2,3,Virat Kohli,not out,82,53,98,6,4,154.71,not out,T20I # 1842
Pakistan VS India,India,Inning2,4,Suryakumar Yadav,c Mohammad Rizwan b Haris Rauf,15,10,11,2,0,150.0,out,T20I # 1842
Pakistan VS India,India,Inning2,5,Axar Patel,run out (Babar Azam/Mohammad Rizwan),2,3,7,0,0,66.66,out,T20I # 1842
Pakistan VS India,India,Inning2,6,Hardik Pandya,c Babar Azam b Mohammad Nawaz,40,37,61,1,2,108.1,out,T20I # 1842
Pakistan VS India,India,Inning2,7,Dinesh Karthik,st Mohammad Rizwan b Mohammad Nawaz,1,2,10,0,0,50.0,out,T20I # 1842
Pakistan VS India,India,Inning2,8,Ravichandran Ashwin,not out,1,1,2,0,0,100.0,not out,T20I # 1842
Bangladesh VS Netherlands,Bangladesh,Inning1,1,Najmul Hossain Shanto,c van Beek b Pringle,25,20,31,4,0,125.0,out,T20I # 1843
Bangladesh VS Netherlands,Bangladesh,Inning1,2,Soumya Sarkar,c de Leede b van Meekeren,14,14,24,2,0,100.0,out,T20I # 1843
Bangladesh VS Netherlands,Bangladesh,Inning1,3,Litton Das,c Cooper b van Beek,9,11,17,0,0,81.81,out,T20I # 1843
Bangladesh VS Netherlands,Bangladesh,Inning1,4,Shakib Al Hasan(c),c de Leede b Shariz Ahmad,7,9,14,0,0,77.77,out,T20I # 1843
Bangladesh VS Netherlands,Bangladesh,Inning1,5,Afif Hossain,c Edwards b de Leede,38,27,47,2,2,140.74,out,T20I # 1843
Bangladesh VS Netherlands,Bangladesh,Inning1,6,Yasir Ali,b van Meekeren,3,5,9,0,0,60.0,out,T20I # 1843
Bangladesh VS Netherlands,Bangladesh,Inning1,7,Nurul Hasan,c van Meekeren b de Leede,13,18,28,0,0,72.22,out,T20I # 1843
Bangladesh VS Netherlands,Bangladesh,Inning1,8,Mosaddek Hossain,not out,20,12,12,2,1,166.66,not out,T20I # 1843
Bangladesh VS Netherlands,Bangladesh,Inning1,9,Taskin Ahmed,c van Beek b Klaassen,0,1,3,0,0,0.0,out,T20I # 1843
Bangladesh VS Netherlands,Bangladesh,Inning1,10,Hasan Mahmud,not out,0,3,6,0,0,0.0,not out,T20I # 1843
Bangladesh VS Netherlands,Netherlands,Inning2,1,Vikramjit Singh,c Yasir Ali b Taskin Ahmed,0,1,4,0,0,0.0,out,T20I # 1843
Bangladesh VS Netherlands,Netherlands,Inning2,2,Max O'Dowd,run out (Afif Hossain/Shakib Al Hasan),8,8,21,0,1,100.0,out,T20I # 1843
Bangladesh VS Netherlands,Netherlands,Inning2,3,Bas de Leede,c Nurul Hasan b Taskin Ahmed,0,1,2,0,0,0.0,out,T20I # 1843
Bangladesh VS Netherlands,Netherlands,Inning2,4,Colin Ackermann,c Mosaddek Hossain b Taskin Ahmed,62,48,77,6,2,129.16,out,T20I # 1843
Bangladesh VS Netherlands,Netherlands,Inning2,5,Tom Cooper,run out (Najmul Hossain Shanto/Nurul Hasan),0,0,2,0,0,0.0,out,T20I # 1843
Bangladesh VS Netherlands,Netherlands,Inning2,6,Scott Edwards(c),c Hasan Mahmud b Shakib Al Hasan,16,24,33,1,0,66.66,out,T20I # 1843
Bangladesh VS Netherlands,Netherlands,Inning2,7,Tim Pringle,b Hasan Mahmud,1,6,5,0,0,16.66,out,T20I # 1843
Bangladesh VS Netherlands,Netherlands,Inning2,8,Logan van Beek,c Taskin Ahmed b Hasan Mahmud,2,5,9,0,0,40.0,out,T20I # 1843
Bangladesh VS Netherlands,Netherlands,Inning2,9,Shariz Ahmad,c Hasan Mahmud b Taskin Ahmed,9,8,9,1,0,112.5,out,T20I # 1843
Bangladesh VS Netherlands,Netherlands,Inning2,10,Fred Klaassen,not out,7,6,20,0,0,116.66,not out,T20I # 1843
Bangladesh VS Netherlands,Netherlands,Inning2,11,Paul van Meekeren,c Litton Das b Soumya Sarkar,24,14,16,3,1,171.42,out,T20I # 1843
Zimbabwe VS South Africa,Zimbabwe,Inning1,1,Regis Chakabva,c de Kock b Ngidi,8,8,13,0,1,100.0,out,T20I # 1844
Zimbabwe VS South Africa,Zimbabwe,Inning1,2,Craig Ervine(c),c Ngidi b Parnell,2,6,11,0,0,33.33,out,T20I # 1844
Zimbabwe VS South Africa,Zimbabwe,Inning1,3,Sean Williams,run out (Miller),1,1,10,0,0,100.0,out,T20I # 1844
Zimbabwe VS South Africa,Zimbabwe,Inning1,4,Sikandar Raza,c de Kock b Ngidi,0,2,3,0,0,0.0,out,T20I # 1844
Zimbabwe VS South Africa,Zimbabwe,Inning1,5,Wessly Madhevere,not out,35,18,37,4,1,194.44,not out,T20I # 1844
Zimbabwe VS South Africa,Zimbabwe,Inning1,6,Milton Shumba,c de Kock b Nortje,18,20,32,2,0,90.0,out,T20I # 1844
Zimbabwe VS South Africa,South Africa,Inning2,1,Quinton de Kock,not out,47,18,26,8,1,261.11,not out,T20I # 1844
Zimbabwe VS South Africa,South Africa,Inning2,2,Temba Bavuma(c),not out,2,2,26,0,0,100.0,not out,T20I # 1844
Sri Lanka VS Australia,Sri Lanka,Inning1,1,Pathum Nissanka,run out (Marsh/Wade),40,45,65,2,0,88.88,out,T20I # 1845
Sri Lanka VS Australia,Sri Lanka,Inning1,2,Kusal Mendis,c Marsh b Cummins,5,6,9,1,0,83.33,out,T20I # 1845
Sri Lanka VS Australia,Sri Lanka,Inning1,3,Dhananjaya de Silva,c Warner b Agar,26,23,47,3,0,113.04,out,T20I # 1845
Sri Lanka VS Australia,Sri Lanka,Inning1,4,Charith Asalanka,not out,38,25,45,3,2,152.0,not out,T20I # 1845
Sri Lanka VS Australia,Sri Lanka,Inning1,5,Bhanuka Rajapaksa,c Cummins b Starc,7,5,9,1,0,140.0,out,T20I # 1845
Sri Lanka VS Australia,Sri Lanka,Inning1,6,Dasun Shanaka(c),c Wade b Maxwell,3,5,6,0,0,60.0,out,T20I # 1845
Sri Lanka VS Australia,Sri Lanka,Inning1,7,Wanindu Hasaranga de Silva,c Wade b Hazlewood,1,4,8,0,0,25.0,out,T20I # 1845
Sri Lanka VS Australia,Sri Lanka,Inning1,8,Chamika Karunaratne,not out,14,7,16,2,0,200.0,not out,T20I # 1845
Sri Lanka VS Australia,Australia,Inning2,1,David Warner,c Shanaka b Theekshana,11,10,26,0,0,110.0,out,T20I # 1845
Sri Lanka VS Australia,Australia,Inning2,2,Aaron Finch(c),not out,31,42,89,0,1,73.8,not out,T20I # 1845
Sri Lanka VS Australia,Australia,Inning2,3,Mitchell Marsh,c Rajapaksa b DM de Silva,17,17,20,1,1,100.0,out,T20I # 1845
Sri Lanka VS Australia,Australia,Inning2,4,Glenn Maxwell,c sub (KNA Bandara) b Karunaratne,23,12,21,2,2,191.66,out,T20I # 1845
Sri Lanka VS Australia,Australia,Inning2,5,Marcus Stoinis,not out,59,18,22,4,6,327.77,not out,T20I # 1845
Ireland VS England,Ireland,Inning1,1,Paul Stirling,c Curran b Wood,14,8,16,1,1,175.0,out,T20I # 1846
Ireland VS England,Ireland,Inning1,2,Andy Balbirnie(c),c Hales b Livingstone,62,47,74,5,2,131.91,out,T20I # 1846
Ireland VS England,Ireland,Inning1,3,Lorcan Tucker,run out (Rashid),34,27,42,3,1,125.92,out,T20I # 1846
Ireland VS England,Ireland,Inning1,4,Harry Tector,c Buttler b Wood,0,2,3,0,0,0.0,out,T20I # 1846
Ireland VS England,Ireland,Inning1,5,Curtis Campher,c Buttler b Wood,18,11,22,3,0,163.63,out,T20I # 1846
Ireland VS England,Ireland,Inning1,6,George Dockrell,b Livingstone,0,1,2,0,0,0.0,out,T20I # 1846
Ireland VS England,Ireland,Inning1,7,Gareth Delany,not out,12,10,22,1,0,120.0,not out,T20I # 1846
Ireland VS England,Ireland,Inning1,8,Mark Adair,c Curran b Livingstone,4,4,8,0,0,100.0,out,T20I # 1846
Ireland VS England,Ireland,Inning1,9,Barry McCarthy,b Curran,3,3,4,0,0,100.0,out,T20I # 1846
Ireland VS England,Ireland,Inning1,10,Fionn Hand,b Curran,1,2,4,0,0,50.0,out,T20I # 1846
Ireland VS England,Ireland,Inning1,11,Josh Little,c Buttler b Stokes,0,1,3,0,0,0.0,out,T20I # 1846
Ireland VS England,England,Inning2,1,Jos Buttler(c),c Tucker b Little,0,2,3,0,0,0.0,out,T20I # 1846
Ireland VS England,England,Inning2,2,Alex Hales,c Adair b Little,7,5,14,1,0,140.0,out,T20I # 1846
Ireland VS England,England,Inning2,3,Dawid Malan,c Hand b McCarthy,35,37,66,2,0,94.59,out,T20I # 1846
Ireland VS England,England,Inning2,4,Ben Stokes,b Hand,6,8,14,0,0,75.0,out,T20I # 1846
Ireland VS England,England,Inning2,5,Harry Brook,c Delany b Dockrell,18,21,30,1,0,85.71,out,T20I # 1846
Ireland VS England,England,Inning2,6,Moeen Ali,not out,24,12,18,3,1,200.0,not out,T20I # 1846
Ireland VS England,England,Inning2,7,Liam Livingstone,not out,1,2,7,0,0,50.0,not out,T20I # 1846
South Africa VS Bangladesh,South Africa,Inning1,1,Temba Bavuma(c),c Nurul Hasan b Taskin Ahmed,2,6,6,0,0,33.33,out,T20I # 1847
South Africa VS Bangladesh,South Africa,Inning1,2,Quinton de Kock,c Soumya Sarkar b Afif Hossain,63,38,77,7,3,165.78,out,T20I # 1847
South Africa VS Bangladesh,South Africa,Inning1,3,Rilee Rossouw,c Litton Das b Shakib Al Hasan,109,56,90,7,8,194.64,out,T20I # 1847
South Africa VS Bangladesh,South Africa,Inning1,4,Tristan Stubbs,c Litton Das b Shakib Al Hasan,7,7,9,1,0,100.0,out,T20I # 1847
South Africa VS Bangladesh,South Africa,Inning1,5,Aiden Markram,c Soumya Sarkar b Hasan Mahmud,10,11,16,1,0,90.9,out,T20I # 1847
South Africa VS Bangladesh,South Africa,Inning1,6,David Miller,not out,2,4,8,0,0,50.0,not out,T20I # 1847
South Africa VS Bangladesh,South Africa,Inning1,7,Wayne Parnell,not out,0,2,2,0,0,0.0,not out,T20I # 1847
South Africa VS Bangladesh,Bangladesh,Inning2,1,Najmul Hossain Shanto,b Nortje,9,9,15,1,0,100.0,out,T20I # 1847
South Africa VS Bangladesh,Bangladesh,Inning2,2,Soumya Sarkar,c de Kock b Nortje,15,6,11,0,2,250.0,out,T20I # 1847
South Africa VS Bangladesh,Bangladesh,Inning2,3,Litton Das,c Stubbs b Shamsi,34,31,57,1,1,109.67,out,T20I # 1847
South Africa VS Bangladesh,Bangladesh,Inning2,4,Shakib Al Hasan(c),lbw b Nortje,1,4,11,0,0,25.0,out,T20I # 1847
South Africa VS Bangladesh,Bangladesh,Inning2,5,Afif Hossain,c Parnell b Rabada,1,5,8,0,0,20.0,out,T20I # 1847
South Africa VS Bangladesh,Bangladesh,Inning2,6,Mehidy Hasan Miraz,c Markram b Shamsi,11,13,17,0,0,84.61,out,T20I # 1847
South Africa VS Bangladesh,Bangladesh,Inning2,7,Mosaddek Hossain,st de Kock b Maharaj,0,3,4,0,0,0.0,out,T20I # 1847
South Africa VS Bangladesh,Bangladesh,Inning2,8,Nurul Hasan,c Nortje b Shamsi,2,6,7,0,0,33.33,out,T20I # 1847
South Africa VS Bangladesh,Bangladesh,Inning2,9,Taskin Ahmed,b Nortje,10,17,22,1,0,58.82,out,T20I # 1847
South Africa VS Bangladesh,Bangladesh,Inning2,10,Hasan Mahmud,run out (Rabada),0,2,7,0,0,0.0,out,T20I # 1847
South Africa VS Bangladesh,Bangladesh,Inning2,11,Mustafizur Rahman,not out,9,3,8,0,1,300.0,not out,T20I # 1847
India VS Netherlands,India,Inning1,1,KL Rahul,lbw b van Meekeren,9,12,12,1,0,75.0,out,T20I # 1848
India VS Netherlands,India,Inning1,2,Rohit Sharma(c),c Ackermann b Klaassen,53,39,53,4,3,135.89,out,T20I # 1848
India VS Netherlands,India,Inning1,3,Virat Kohli,not out,62,44,79,3,2,140.9,not out,T20I # 1848
India VS Netherlands,India,Inning1,4,Suryakumar Yadav,not out,51,25,38,7,1,204.0,not out,T20I # 1848
India VS Netherlands,Netherlands,Inning2,1,Vikramjit Singh,b Kumar,1,9,13,0,0,11.11,out,T20I # 1848
India VS Netherlands,Netherlands,Inning2,2,Max O'Dowd,b Patel,16,10,22,3,0,160.0,out,T20I # 1848
India VS Netherlands,Netherlands,Inning2,3,Bas de Leede,c Pandya b Patel,16,23,27,0,0,69.56,out,T20I # 1848
India VS Netherlands,Netherlands,Inning2,4,Colin Ackermann,c Patel b Ashwin,17,21,31,1,0,80.95,out,T20I # 1848
India VS Netherlands,Netherlands,Inning2,5,Tom Cooper,c sub (DJ Hooda) b Ashwin,9,12,12,0,0,75.0,out,T20I # 1848
India VS Netherlands,Netherlands,Inning2,6,Scott Edwards(c),c sub (DJ Hooda) b Kumar,5,8,21,0,0,62.5,out,T20I # 1848
India VS Netherlands,Netherlands,Inning2,7,Tim Pringle,c Kohli b Mohammed Shami,20,15,14,1,1,133.33,out,T20I # 1848
India VS Netherlands,Netherlands,Inning2,8,Logan van Beek,c Karthik b Arshdeep Singh,3,5,11,0,0,60.0,out,T20I # 1848
India VS Netherlands,Netherlands,Inning2,9,Shariz Ahmad,not out,16,11,18,2,0,145.45,not out,T20I # 1848
India VS Netherlands,Netherlands,Inning2,10,Fred Klaassen,lbw b Arshdeep Singh,0,1,3,0,0,0.0,out,T20I # 1848
India VS Netherlands,Netherlands,Inning2,11,Paul van Meekeren,not out,14,6,9,3,0,233.33,not out,T20I # 1848
Zimbabwe VS Pakistan,Zimbabwe,Inning1,1,Wessly Madhevere,lbw b Mohammad Wasim,17,13,30,3,0,130.76,out,T20I # 1849
Zimbabwe VS Pakistan,Zimbabwe,Inning1,2,Craig Ervine(c),c Mohammad Wasim b Haris Rauf,19,19,26,2,0,100.0,out,T20I # 1849
Zimbabwe VS Pakistan,Zimbabwe,Inning1,3,Milton Shumba,c & b Shadab Khan,8,10,22,1,0,80.0,out,T20I # 1849
Zimbabwe VS Pakistan,Zimbabwe,Inning1,4,Sean Williams,b Shadab Khan,31,28,37,3,0,110.71,out,T20I # 1849
Zimbabwe VS Pakistan,Zimbabwe,Inning1,5,Sikandar Raza,c Haris Rauf b Mohammad Wasim,9,16,22,1,0,56.25,out,T20I # 1849
Zimbabwe VS Pakistan,Zimbabwe,Inning1,6,Regis Chakabva,c Babar Azam b Shadab Khan,0,1,2,0,0,0.0,out,T20I # 1849
Zimbabwe VS Pakistan,Zimbabwe,Inning1,7,Ryan Burl,not out,10,15,30,0,0,66.66,not out,T20I # 1849
Zimbabwe VS Pakistan,Zimbabwe,Inning1,8,Luke Jongwe,b Mohammad Wasim,0,1,2,0,0,0.0,out,T20I # 1849
Zimbabwe VS Pakistan,Zimbabwe,Inning1,9,Brad Evans,b Mohammad Wasim,19,15,24,0,1,126.66,out,T20I # 1849
Zimbabwe VS Pakistan,Zimbabwe,Inning1,10,Richard Ngarava,not out,3,2,3,0,0,150.0,not out,T20I # 1849
Zimbabwe VS Pakistan,Pakistan,Inning2,1,Mohammad Rizwan,b Muzarabani,14,16,23,1,1,87.5,out,T20I # 1849
Zimbabwe VS Pakistan,Pakistan,Inning2,2,Babar Azam(c),c Burl b Evans,4,9,17,1,0,44.44,out,T20I # 1849
Zimbabwe VS Pakistan,Pakistan,Inning2,3,Shan Masood,st Chakabva b Sikandar Raza,44,38,61,3,0,115.78,out,T20I # 1849
Zimbabwe VS Pakistan,Pakistan,Inning2,4,Iftikhar Ahmed,c Chakabva b Jongwe,5,10,16,1,0,50.0,out,T20I # 1849
Zimbabwe VS Pakistan,Pakistan,Inning2,5,Shadab Khan,c Williams b Sikandar Raza,17,14,27,0,1,121.42,out,T20I # 1849
Zimbabwe VS Pakistan,Pakistan,Inning2,6,Haider Ali,lbw b Sikandar Raza,0,1,3,0,0,0.0,out,T20I # 1849
Zimbabwe VS Pakistan,Pakistan,Inning2,7,Mohammad Nawaz,c Ervine b Evans,22,18,36,1,1,122.22,out,T20I # 1849
Zimbabwe VS Pakistan,Pakistan,Inning2,8,Mohammad Wasim,not out,12,13,29,2,0,92.3,not out,T20I # 1849
Zimbabwe VS Pakistan,Pakistan,Inning2,9,Shaheen Shah Afridi,run out (Sikandar Raza/Chakabva),1,1,3,0,0,100.0,out,T20I # 1849
New Zealand VS Sri Lanka,New Zealand,Inning1,1,Finn Allen,b Theekshana,1,3,3,0,0,33.33,out,T20I # 1850
New Zealand VS Sri Lanka,New Zealand,Inning1,2,Devon Conway,b DM de Silva,1,4,14,0,0,25.0,out,T20I # 1850
New Zealand VS Sri Lanka,New Zealand,Inning1,3,Kane Williamson(c),c Mendis b Rajitha,8,13,18,1,0,61.53,out,T20I # 1850
New Zealand VS Sri Lanka,New Zealand,Inning1,4,Glenn Phillips,c Shanaka b Kumara,104,64,87,10,4,162.5,out,T20I # 1850
New Zealand VS Sri Lanka,New Zealand,Inning1,5,Daryl Mitchell,b PWH de Silva,22,24,52,0,0,91.66,out,T20I # 1850
New Zealand VS Sri Lanka,New Zealand,Inning1,6,James Neesham,c Shanaka b Rajitha,5,8,15,0,0,62.5,out,T20I # 1850
New Zealand VS Sri Lanka,New Zealand,Inning1,7,Mitchell Santner,not out,11,5,17,0,1,220.0,not out,T20I # 1850
New Zealand VS Sri Lanka,New Zealand,Inning1,8,Ish Sodhi,run out (sub [KNA Bandara]/Mendis),1,1,3,0,0,100.0,out,T20I # 1850
New Zealand VS Sri Lanka,New Zealand,Inning1,9,Tim Southee,not out,4,1,1,1,0,400.0,not out,T20I # 1850
New Zealand VS Sri Lanka,Sri Lanka,Inning2,1,Pathum Nissanka,lbw b Southee,0,5,5,0,0,0.0,out,T20I # 1850
New Zealand VS Sri Lanka,Sri Lanka,Inning2,2,Kusal Mendis,c Conway b Boult,4,3,9,1,0,133.33,out,T20I # 1850
New Zealand VS Sri Lanka,Sri Lanka,Inning2,3,Dhananjaya de Silva,b Boult,0,3,8,0,0,0.0,out,T20I # 1850
New Zealand VS Sri Lanka,Sri Lanka,Inning2,4,Charith Asalanka,c Allen b Boult,4,8,11,0,0,50.0,out,T20I # 1850
New Zealand VS Sri Lanka,Sri Lanka,Inning2,5,Bhanuka Rajapaksa,c Williamson b Ferguson,34,22,38,3,2,154.54,out,T20I # 1850
New Zealand VS Sri Lanka,Sri Lanka,Inning2,6,Chamika Karunaratne,c Boult b Santner,3,8,13,0,0,37.5,out,T20I # 1850
New Zealand VS Sri Lanka,Sri Lanka,Inning2,7,Dasun Shanaka(c),c Mitchell b Boult,35,32,49,4,1,109.37,out,T20I # 1850
New Zealand VS Sri Lanka,Sri Lanka,Inning2,8,Wanindu Hasaranga de Silva,c Williamson b Sodhi,4,6,6,1,0,66.66,out,T20I # 1850
New Zealand VS Sri Lanka,Sri Lanka,Inning2,9,Maheesh Theekshana,c Neesham b Santner,0,3,5,0,0,0.0,out,T20I # 1850
New Zealand VS Sri Lanka,Sri Lanka,Inning2,10,Kasun Rajitha,not out,8,21,30,0,0,38.09,not out,T20I # 1850
New Zealand VS Sri Lanka,Sri Lanka,Inning2,11,Lahiru Kumara,st Conway b Sodhi,4,5,10,1,0,80.0,out,T20I # 1850
Bangladesh VS Zimbabwe,Bangladesh,Inning1,1,Najmul Hossain Shanto,c Ervine b Sikandar Raza,71,55,77,7,1,129.09,out,T20I # 1851
Bangladesh VS Zimbabwe,Bangladesh,Inning1,2,Soumya Sarkar,c Chakabva b Muzarabani,0,2,9,0,0,0.0,out,T20I # 1851
Bangladesh VS Zimbabwe,Bangladesh,Inning1,3,Litton Das,c Chatara b Muzarabani,14,12,22,3,0,116.66,out,T20I # 1851
Bangladesh VS Zimbabwe,Bangladesh,Inning1,4,Shakib Al Hasan(c),c Muzarabani b Williams,23,20,32,1,0,115.0,out,T20I # 1851
Bangladesh VS Zimbabwe,Bangladesh,Inning1,5,Afif Hossain,lbw b Ngarava,29,19,40,1,1,152.63,out,T20I # 1851
Bangladesh VS Zimbabwe,Bangladesh,Inning1,6,Mosaddek Hossain,c Chatara b Ngarava,7,10,18,0,0,70.0,out,T20I # 1851
Bangladesh VS Zimbabwe,Bangladesh,Inning1,7,Nurul Hasan,run out (Williams/Chakabva),1,1,5,0,0,100.0,out,T20I # 1851
Bangladesh VS Zimbabwe,Bangladesh,Inning1,8,Yasir Ali,not out,1,1,3,0,0,100.0,not out,T20I # 1851
Bangladesh VS Zimbabwe,Zimbabwe,Inning2,1,Wessly Madhevere,c Mustafizur Rahman b Taskin Ahmed,4,3,1,1,0,133.33,out,T20I # 1851
Bangladesh VS Zimbabwe,Zimbabwe,Inning2,2,Craig Ervine(c),c Nurul Hasan b Taskin Ahmed,8,7,16,2,0,114.28,out,T20I # 1851
Bangladesh VS Zimbabwe,Zimbabwe,Inning2,3,Milton Shumba,c Shakib Al Hasan b Mustafizur Rahman,8,15,24,1,0,53.33,out,T20I # 1851
Bangladesh VS Zimbabwe,Zimbabwe,Inning2,4,Sean Williams,run out (Shakib Al Hasan),64,42,75,8,0,152.38,out,T20I # 1851
Bangladesh VS Zimbabwe,Zimbabwe,Inning2,5,Sikandar Raza,c Afif Hossain b Mustafizur Rahman,0,3,4,0,0,0.0,out,T20I # 1851
Bangladesh VS Zimbabwe,Zimbabwe,Inning2,6,Regis Chakabva,c Nurul Hasan b Taskin Ahmed,15,19,24,0,0,78.94,out,T20I # 1851
Bangladesh VS Zimbabwe,Zimbabwe,Inning2,7,Ryan Burl,not out,27,25,50,2,1,108.0,not out,T20I # 1851
Bangladesh VS Zimbabwe,Zimbabwe,Inning2,8,Brad Evans,c Afif Hossain b Mosaddek Hossain,2,2,5,0,0,100.0,out,T20I # 1851
Bangladesh VS Zimbabwe,Zimbabwe,Inning2,9,Richard Ngarava,st Nurul Hasan b Mosaddek Hossain,6,3,6,0,1,200.0,out,T20I # 1851
Bangladesh VS Zimbabwe,Zimbabwe,Inning2,10,Blessing Muzarabani,not out,0,2,6,0,0,0.0,not out,T20I # 1851
Netherlands VS Pakistan,Netherlands,Inning1,1,Stephan Myburgh,c Mohammad Wasim b Shaheen Shah Afridi,6,11,13,1,0,54.54,out,T20I # 1852
Netherlands VS Pakistan,Netherlands,Inning1,2,Max O'Dowd,lbw b Shadab Khan,8,13,41,0,0,61.53,out,T20I # 1852
Netherlands VS Pakistan,Netherlands,Inning1,3,Bas de Leede,retired hurt,6,16,15,1,0,37.5,out,T20I # 1852
Netherlands VS Pakistan,Netherlands,Inning1,4,Tom Cooper,c Mohammad Wasim b Shadab Khan,1,2,4,0,0,50.0,out,T20I # 1852
Netherlands VS Pakistan,Netherlands,Inning1,5,Colin Ackermann,lbw b Shadab Khan,27,27,40,2,0,100.0,out,T20I # 1852
Netherlands VS Pakistan,Netherlands,Inning1,6,Scott Edwards(c),c Iftikhar Ahmed b Naseem Shah,15,20,38,1,0,75.0,out,T20I # 1852
Netherlands VS Pakistan,Netherlands,Inning1,7,Roelof van der Merwe,b Haris Rauf,5,6,12,0,0,83.33,out,T20I # 1852
Netherlands VS Pakistan,Netherlands,Inning1,8,Tim Pringle,b Mohammad Wasim,5,8,15,0,0,62.5,out,T20I # 1852
Netherlands VS Pakistan,Netherlands,Inning1,9,Logan van Beek,not out,6,9,18,0,0,66.66,not out,T20I # 1852
Netherlands VS Pakistan,Netherlands,Inning1,10,Fred Klaassen,b Mohammad Wasim,0,1,1,0,0,0.0,out,T20I # 1852
Netherlands VS Pakistan,Netherlands,Inning1,11,Paul van Meekeren,run out (Shadab Khan/Mohammad Rizwan),7,7,8,0,0,100.0,out,T20I # 1852
Netherlands VS Pakistan,Pakistan,Inning2,1,Mohammad Rizwan,c Edwards b van Meekeren,49,39,66,5,0,125.64,out,T20I # 1852
Netherlands VS Pakistan,Pakistan,Inning2,2,Babar Azam(c),run out (van der Merwe),4,5,10,1,0,80.0,out,T20I # 1852
Netherlands VS Pakistan,Pakistan,Inning2,3,Fakhar Zaman,c Edwards b Glover,20,16,27,3,0,125.0,out,T20I # 1852
Netherlands VS Pakistan,Pakistan,Inning2,4,Shan Masood,c van Meekeren b Glover,12,16,35,0,0,75.0,out,T20I # 1852
Netherlands VS Pakistan,Pakistan,Inning2,5,Iftikhar Ahmed,not out,6,5,10,0,0,120.0,not out,T20I # 1852
Netherlands VS Pakistan,Pakistan,Inning2,6,Shadab Khan,not out,4,2,2,1,0,200.0,not out,T20I # 1852
India VS South Africa,India,Inning1,1,KL Rahul,c Markram b Ngidi,9,14,25,0,1,64.28,out,T20I # 1853
India VS South Africa,India,Inning1,2,Rohit Sharma(c),c & b Ngidi,15,14,22,1,1,107.14,out,T20I # 1853
India VS South Africa,India,Inning1,3,Virat Kohli,c Rabada b Ngidi,12,11,13,2,0,109.09,out,T20I # 1853
India VS South Africa,India,Inning1,4,Suryakumar Yadav,c Maharaj b Parnell,68,40,68,6,3,170.0,out,T20I # 1853
India VS South Africa,India,Inning1,5,Deepak Hooda,c de Kock b Nortje,0,3,4,0,0,0.0,out,T20I # 1853
India VS South Africa,India,Inning1,6,Hardik Pandya,c Rabada b Ngidi,2,3,6,0,0,66.66,out,T20I # 1853
India VS South Africa,India,Inning1,7,Dinesh Karthik,c Rossouw b Parnell,6,15,33,0,0,40.0,out,T20I # 1853
India VS South Africa,India,Inning1,8,Ravichandran Ashwin,c Rabada b Parnell,7,11,15,0,0,63.63,out,T20I # 1853
India VS South Africa,India,Inning1,9,Bhuvneshwar Kumar,not out,4,6,9,0,0,66.66,not out,T20I # 1853
India VS South Africa,India,Inning1,10,Mohammed Shami,run out (Nortje),0,2,5,0,0,0.0,out,T20I # 1853
India VS South Africa,India,Inning1,11,Arshdeep Singh,not out,2,1,2,0,0,200.0,not out,T20I # 1853
India VS South Africa,South Africa,Inning2,1,Quinton de Kock,c Rahul b Arshdeep Singh,1,3,7,0,0,33.33,out,T20I # 1853
India VS South Africa,South Africa,Inning2,2,Temba Bavuma(c),c Karthik b Mohammed Shami,10,15,30,0,1,66.66,out,T20I # 1853
India VS South Africa,South Africa,Inning2,3,Rilee Rossouw,lbw b Arshdeep Singh,0,2,4,0,0,0.0,out,T20I # 1853
India VS South Africa,South Africa,Inning2,4,Aiden Markram,c Yadav b Pandya,52,41,72,6,1,126.82,out,T20I # 1853
India VS South Africa,South Africa,Inning2,5,David Miller,not out,59,46,78,4,3,128.26,not out,T20I # 1853
India VS South Africa,South Africa,Inning2,6,Tristan Stubbs,lbw b Ashwin,6,6,15,1,0,100.0,out,T20I # 1853
India VS South Africa,South Africa,Inning2,7,Wayne Parnell,not out,2,5,11,0,0,40.0,not out,T20I # 1853
Australia VS Ireland,Australia,Inning1,1,David Warner,c Adair b McCarthy,3,7,13,0,0,42.85,out,T20I # 1855
Australia VS Ireland,Australia,Inning1,2,Aaron Finch(c),c Adair b McCarthy,63,44,87,5,3,143.18,out,T20I # 1855
Australia VS Ireland,Australia,Inning1,3,Mitchell Marsh,c Tucker b McCarthy,28,22,28,2,2,127.27,out,T20I # 1855
Australia VS Ireland,Australia,Inning1,4,Glenn Maxwell,c Tucker b Little,13,9,18,0,1,144.44,out,T20I # 1855
Australia VS Ireland,Australia,Inning1,5,Marcus Stoinis,c Dockrell b Little,35,25,41,3,1,140.0,out,T20I # 1855
Australia VS Ireland,Australia,Inning1,6,Tim David,not out,15,10,15,2,0,150.0,not out,T20I # 1855
Australia VS Ireland,Australia,Inning1,7,Matthew Wade,not out,7,3,7,1,0,233.33,not out,T20I # 1855
Australia VS Ireland,Ireland,Inning2,1,Paul Stirling,c Cummins b Maxwell,11,7,11,1,1,157.14,out,T20I # 1855
Australia VS Ireland,Ireland,Inning2,2,Andy Balbirnie(c),b Cummins,6,7,11,0,1,85.71,out,T20I # 1855
Australia VS Ireland,Ireland,Inning2,3,Lorcan Tucker,not out,71,48,81,9,1,147.91,not out,T20I # 1855
Australia VS Ireland,Ireland,Inning2,4,Harry Tector,c sub (SPD Smith) b Maxwell,6,4,3,1,0,150.0,out,T20I # 1855
Australia VS Ireland,Ireland,Inning2,5,Curtis Campher,b Starc,0,1,5,0,0,0.0,out,T20I # 1855
Australia VS Ireland,Ireland,Inning2,6,George Dockrell,b Starc,0,4,4,0,0,0.0,out,T20I # 1855
Australia VS Ireland,Ireland,Inning2,7,Gareth Delany,c Maxwell b Stoinis,14,10,27,2,0,140.0,out,T20I # 1855
Australia VS Ireland,Ireland,Inning2,8,Mark Adair,st Wade b Zampa,11,11,13,1,0,100.0,out,T20I # 1855
Australia VS Ireland,Ireland,Inning2,9,Fionn Hand,b Zampa,6,6,10,1,0,100.0,out,T20I # 1855
Australia VS Ireland,Ireland,Inning2,10,Barry McCarthy,c sub (SPD Smith) b Cummins,3,7,16,0,0,42.85,out,T20I # 1855
Australia VS Ireland,Ireland,Inning2,11,Josh Little,run out (Marsh/Maxwell),1,5,6,0,0,20.0,out,T20I # 1855
Afghanistan VS Sri Lanka,Afghanistan,Inning1,1,Rahmanullah Gurbaz,b Kumara,28,24,33,2,2,116.66,out,T20I # 1856
Afghanistan VS Sri Lanka,Afghanistan,Inning1,2,Usman Ghani,c Shanaka b PWH de Silva,27,27,54,2,1,100.0,out,T20I # 1856
Afghanistan VS Sri Lanka,Afghanistan,Inning1,3,Ibrahim Zadran,c Rajapaksa b Kumara,22,18,35,1,1,122.22,out,T20I # 1856
Afghanistan VS Sri Lanka,Afghanistan,Inning1,4,Najibullah Zadran,c PWH de Silva b DM de Silva,18,16,29,1,0,112.5,out,T20I # 1856
Afghanistan VS Sri Lanka,Afghanistan,Inning1,5,Gulbadin Naib,run out (Nissanka/Mendis),12,14,25,0,0,85.71,out,T20I # 1856
Afghanistan VS Sri Lanka,Afghanistan,Inning1,6,Mohammad Nabi(c),c Shanaka b Rajitha,13,8,15,1,0,162.5,out,T20I # 1856
Afghanistan VS Sri Lanka,Afghanistan,Inning1,7,Rashid Khan,b PWH de Silva,9,8,10,1,0,112.5,out,T20I # 1856
Afghanistan VS Sri Lanka,Afghanistan,Inning1,8,Azmatullah Omarzai,not out,3,4,3,0,0,75.0,not out,T20I # 1856
Afghanistan VS Sri Lanka,Afghanistan,Inning1,9,Mujeeb Ur Rahman,st Mendis b PWH de Silva,1,2,1,0,0,50.0,out,T20I # 1856
Afghanistan VS Sri Lanka,Sri Lanka,Inning2,1,Pathum Nissanka,b Mujeeb Ur Rahman,10,10,10,2,0,100.0,out,T20I # 1856
Afghanistan VS Sri Lanka,Sri Lanka,Inning2,2,Kusal Mendis,c Rahmanullah Gurbaz b Rashid Khan,25,27,33,2,1,92.59,out,T20I # 1856
Afghanistan VS Sri Lanka,Sri Lanka,Inning2,3,Dhananjaya de Silva,not out,66,42,78,6,2,157.14,not out,T20I # 1856
Afghanistan VS Sri Lanka,Sri Lanka,Inning2,4,Charith Asalanka,c Azmatullah Omarzai b Rashid Khan,19,18,27,1,0,105.55,out,T20I # 1856
Afghanistan VS Sri Lanka,Sri Lanka,Inning2,5,Bhanuka Rajapaksa,c Rahmanullah Gurbaz b Mujeeb Ur Rahman,18,14,24,3,0,128.57,out,T20I # 1856
Afghanistan VS Sri Lanka,Sri Lanka,Inning2,6,Dasun Shanaka(c),not out,0,0,4,0,0,0.0,not out,T20I # 1856
England VS New Zealand,England,Inning1,1,Jos Buttler(c),run out (Williamson/Southee),73,47,82,7,2,155.31,out,T20I # 1858
England VS New Zealand,England,Inning1,2,Alex Hales,st Conway b Santner,52,40,46,7,1,130.0,out,T20I # 1858
England VS New Zealand,England,Inning1,3,Moeen Ali,c Boult b Sodhi,5,6,13,0,0,83.33,out,T20I # 1858
England VS New Zealand,England,Inning1,4,Liam Livingstone,b Ferguson,20,14,20,1,1,142.85,out,T20I # 1858
England VS New Zealand,England,Inning1,5,Harry Brook,c Allen b Southee,7,3,6,0,1,233.33,out,T20I # 1858
England VS New Zealand,England,Inning1,6,Ben Stokes,lbw b Ferguson,8,7,11,0,0,114.28,out,T20I # 1858
England VS New Zealand,England,Inning1,7,Sam Curran,not out,6,3,7,0,1,200.0,not out,T20I # 1858
England VS New Zealand,England,Inning1,8,Dawid Malan,not out,3,1,1,0,0,300.0,not out,T20I # 1858
England VS New Zealand,New Zealand,Inning2,1,Finn Allen,c Stokes b Curran,16,11,25,0,1,145.45,out,T20I # 1858
England VS New Zealand,New Zealand,Inning2,2,Devon Conway,c Buttler b Woakes,3,9,12,0,0,33.33,out,T20I # 1858
England VS New Zealand,New Zealand,Inning2,3,Kane Williamson(c),c Rashid b Stokes,40,40,57,3,0,100.0,out,T20I # 1858
England VS New Zealand,New Zealand,Inning2,4,Glenn Phillips,c sub (CJ Jordan) b Curran,62,36,64,4,3,172.22,out,T20I # 1858
England VS New Zealand,New Zealand,Inning2,5,James Neesham,c Curran b Wood,6,3,7,1,0,200.0,out,T20I # 1858
England VS New Zealand,New Zealand,Inning2,6,Daryl Mitchell,c sub (CJ Jordan) b Woakes,3,5,10,0,0,60.0,out,T20I # 1858
England VS New Zealand,New Zealand,Inning2,7,Mitchell Santner,not out,16,10,19,0,1,160.0,not out,T20I # 1858
England VS New Zealand,New Zealand,Inning2,8,Ish Sodhi,not out,6,6,4,0,0,100.0,not out,T20I # 1858
Zimbabwe VS Netherlands,Zimbabwe,Inning1,1,Wessly Madhevere,b van Meekeren,1,5,9,0,0,20.0,out,T20I # 1859
Zimbabwe VS Netherlands,Zimbabwe,Inning1,2,Craig Ervine(c),c Edwards b Glover,3,12,18,0,0,25.0,out,T20I # 1859
Zimbabwe VS Netherlands,Zimbabwe,Inning1,3,Regis Chakabva,lbw b Glover,5,16,18,1,0,31.25,out,T20I # 1859
Zimbabwe VS Netherlands,Zimbabwe,Inning1,4,Sean Williams,c O'Dowd b van Meekeren,28,23,39,3,0,121.73,out,T20I # 1859
Zimbabwe VS Netherlands,Zimbabwe,Inning1,5,Sikandar Raza,c Klaassen b de Leede,40,24,46,3,3,166.66,out,T20I # 1859
Zimbabwe VS Netherlands,Zimbabwe,Inning1,6,Milton Shumba,c Myburgh b van Beek,2,3,6,0,0,66.66,out,T20I # 1859
Zimbabwe VS Netherlands,Zimbabwe,Inning1,7,Ryan Burl,b van Meekeren,2,7,19,0,0,28.57,out,T20I # 1859
Zimbabwe VS Netherlands,Zimbabwe,Inning1,8,Luke Jongwe,c van Beek b de Leede,6,8,12,0,0,75.0,out,T20I # 1859
Zimbabwe VS Netherlands,Zimbabwe,Inning1,9,Richard Ngarava,c Myburgh b Klaassen,9,7,12,0,1,128.57,out,T20I # 1859
Zimbabwe VS Netherlands,Zimbabwe,Inning1,10,Tendai Chatara,not out,6,7,15,0,0,85.71,not out,T20I # 1859
Zimbabwe VS Netherlands,Zimbabwe,Inning1,11,Blessing Muzarabani,c Glover b van Beek,1,4,9,0,0,25.0,out,T20I # 1859
Zimbabwe VS Netherlands,Netherlands,Inning2,1,Stephan Myburgh,c Burl b Muzarabani,8,7,15,0,1,114.28,out,T20I # 1859
Zimbabwe VS Netherlands,Netherlands,Inning2,2,Max O'Dowd,c Shumba b Muzarabani,52,47,70,8,1,110.63,out,T20I # 1859
Zimbabwe VS Netherlands,Netherlands,Inning2,3,Tom Cooper,c Madhevere b Jongwe,32,29,42,2,1,110.34,out,T20I # 1859
Zimbabwe VS Netherlands,Netherlands,Inning2,4,Colin Ackermann,c Jongwe b Ngarava,1,5,6,0,0,20.0,out,T20I # 1859
Zimbabwe VS Netherlands,Netherlands,Inning2,5,Bas de Leede,not out,12,12,21,2,0,100.0,not out,T20I # 1859
Zimbabwe VS Netherlands,Netherlands,Inning2,6,Scott Edwards(c),c Chakabva b Ngarava,5,6,8,1,0,83.33,out,T20I # 1859
Zimbabwe VS Netherlands,Netherlands,Inning2,7,Roelof van der Merwe,not out,0,3,6,0,0,0.0,not out,T20I # 1859
India VS Bangladesh,India,Inning1,1,KL Rahul,c Mustafizur Rahman b Shakib Al Hasan,50,32,49,3,4,156.25,out,T20I # 1860
India VS Bangladesh,India,Inning1,2,Rohit Sharma(c),c Yasir Ali b Hasan Mahmud,2,8,18,0,0,25.0,out,T20I # 1860
India VS Bangladesh,India,Inning1,3,Virat Kohli,not out,64,44,84,8,1,145.45,not out,T20I # 1860
India VS Bangladesh,India,Inning1,4,Suryakumar Yadav,b Shakib Al Hasan,30,16,18,4,0,187.5,out,T20I # 1860
India VS Bangladesh,India,Inning1,5,Hardik Pandya,c Yasir Ali b Hasan Mahmud,5,6,8,0,0,83.33,out,T20I # 1860
India VS Bangladesh,India,Inning1,6,Dinesh Karthik,run out (Shakib Al Hasan/Shoriful Islam),7,5,12,1,0,140.0,out,T20I # 1860
India VS Bangladesh,India,Inning1,7,Axar Patel,c Shakib Al Hasan b Hasan Mahmud,7,6,6,1,0,116.66,out,T20I # 1860
India VS Bangladesh,India,Inning1,8,Ravichandran Ashwin,not out,13,6,9,1,1,216.66,not out,T20I # 1860
India VS Bangladesh,Bangladesh,Inning2,1,Najmul Hossain Shanto,c Yadav b Mohammed Shami,21,25,50,1,1,84.0,out,T20I # 1860
India VS Bangladesh,Bangladesh,Inning2,2,Litton Das,run out (Rahul),60,27,40,7,3,222.22,out,T20I # 1860
India VS Bangladesh,Bangladesh,Inning2,3,Shakib Al Hasan(c),c sub (DJ Hooda) b Arshdeep Singh,13,12,24,2,0,108.33,out,T20I # 1860
India VS Bangladesh,Bangladesh,Inning2,4,Afif Hossain,c Yadav b Arshdeep Singh,3,5,12,0,0,60.0,out,T20I # 1860
India VS Bangladesh,Bangladesh,Inning2,5,Yasir Ali,c Arshdeep Singh b Pandya,1,3,8,0,0,33.33,out,T20I # 1860
India VS Bangladesh,Bangladesh,Inning2,6,Nurul Hasan,not out,25,14,29,2,1,178.57,not out,T20I # 1860
India VS Bangladesh,Bangladesh,Inning2,7,Mosaddek Hossain,b Pandya,6,3,4,0,1,200.0,out,T20I # 1860
India VS Bangladesh,Bangladesh,Inning2,8,Taskin Ahmed,not out,12,7,22,1,1,171.42,not out,T20I # 1860
Pakistan VS South Africa,Pakistan,Inning1,1,Mohammad Rizwan,b Parnell,4,4,4,1,0,100.0,out,T20I # 1861
Pakistan VS South Africa,Pakistan,Inning1,2,Babar Azam(c),c Rabada b Ngidi,6,15,29,0,0,40.0,out,T20I # 1861
Pakistan VS South Africa,Pakistan,Inning1,3,Mohammad Haris,lbw b Nortje,28,11,19,2,3,254.54,out,T20I # 1861
Pakistan VS South Africa,Pakistan,Inning1,4,Shan Masood,c Bavuma b Nortje,2,6,11,0,0,33.33,out,T20I # 1861
Pakistan VS South Africa,Pakistan,Inning1,5,Iftikhar Ahmed,c Rossouw b Rabada,51,35,73,3,2,145.71,out,T20I # 1861
Pakistan VS South Africa,Pakistan,Inning1,6,Mohammad Nawaz,lbw b Shamsi,28,22,32,4,1,127.27,out,T20I # 1861
Pakistan VS South Africa,Pakistan,Inning1,7,Shadab Khan,c Stubbs b Nortje,52,22,31,3,4,236.36,out,T20I # 1861
Pakistan VS South Africa,Pakistan,Inning1,8,Mohammad Wasim,c Bavuma b Nortje,0,1,1,0,0,0.0,out,T20I # 1861
Pakistan VS South Africa,Pakistan,Inning1,9,Naseem Shah,not out,5,3,3,0,0,166.66,not out,T20I # 1861
Pakistan VS South Africa,Pakistan,Inning1,10,Haris Rauf,run out (Klaasen/Bavuma),3,2,2,0,0,150.0,out,T20I # 1861
Pakistan VS South Africa,South Africa,Inning2,1,Temba Bavuma(c),c Mohammad Rizwan b Shadab Khan,36,19,39,4,1,189.47,out,T20I # 1861
Pakistan VS South Africa,South Africa,Inning2,2,Quinton de Kock,c Mohammad Haris b Shaheen Shah Afridi,0,5,6,0,0,0.0,out,T20I # 1861
Pakistan VS South Africa,South Africa,Inning2,3,Rilee Rossouw,c Naseem Shah b Shaheen Shah Afridi,7,6,10,0,1,116.66,out,T20I # 1861
Pakistan VS South Africa,South Africa,Inning2,4,Aiden Markram,b Shadab Khan,20,14,28,4,0,142.85,out,T20I # 1861
Pakistan VS South Africa,South Africa,Inning2,5,Heinrich Klaasen,c Mohammad Wasim b Shaheen Shah Afridi,15,9,18,3,0,166.66,out,T20I # 1861
Pakistan VS South Africa,South Africa,Inning2,6,Tristan Stubbs,c Mohammad Nawaz b Naseem Shah,18,18,28,0,1,100.0,out,T20I # 1861
Pakistan VS South Africa,South Africa,Inning2,7,Wayne Parnell,lbw b Mohammad Wasim,3,4,9,0,0,75.0,out,T20I # 1861
Pakistan VS South Africa,South Africa,Inning2,8,Kagiso Rabada,run out (Mohammad Nawaz/Haris Rauf),1,2,11,0,0,50.0,out,T20I # 1861
Pakistan VS South Africa,South Africa,Inning2,9,Anrich Nortje,c Mohammad Haris b Haris Rauf,1,5,8,0,0,20.0,out,T20I # 1861
Pakistan VS South Africa,South Africa,Inning2,10,Lungi Ngidi,not out,4,1,5,1,0,400.0,not out,T20I # 1861
Pakistan VS South Africa,South Africa,Inning2,11,Tabraiz Shamsi,not out,1,1,3,0,0,100.0,not out,T20I # 1861
New Zealand VS Ireland,New Zealand,Inning1,1,Finn Allen,c Hand b Adair,32,18,30,5,1,177.77,out,T20I # 1862
New Zealand VS Ireland,New Zealand,Inning1,2,Devon Conway,c Adair b Delany,28,33,55,2,0,84.84,out,T20I # 1862
New Zealand VS Ireland,New Zealand,Inning1,3,Kane Williamson(c),c Delany b Little,61,35,59,5,3,174.28,out,T20I # 1862
New Zealand VS Ireland,New Zealand,Inning1,4,Glenn Phillips,c Dockrell b Delany,17,9,9,2,1,188.88,out,T20I # 1862
New Zealand VS Ireland,New Zealand,Inning1,5,Daryl Mitchell,not out,31,21,35,2,0,147.61,not out,T20I # 1862
New Zealand VS Ireland,New Zealand,Inning1,6,James Neesham,lbw b Little,0,1,3,0,0,0.0,out,T20I # 1862
New Zealand VS Ireland,New Zealand,Inning1,7,Mitchell Santner,lbw b Little,0,1,2,0,0,0.0,out,T20I # 1862
New Zealand VS Ireland,New Zealand,Inning1,8,Tim Southee,not out,1,2,7,0,0,50.0,not out,T20I # 1862
New Zealand VS Ireland,Ireland,Inning2,1,Paul Stirling,b Sodhi,37,27,39,3,1,137.03,out,T20I # 1862
New Zealand VS Ireland,Ireland,Inning2,2,Andy Balbirnie(c),b Santner,30,25,36,0,3,120.0,out,T20I # 1862
New Zealand VS Ireland,Ireland,Inning2,3,Lorcan Tucker,c Allen b Sodhi,13,14,30,0,0,92.85,out,T20I # 1862
New Zealand VS Ireland,Ireland,Inning2,4,Harry Tector,c Southee b Santner,2,7,4,0,0,28.57,out,T20I # 1862
New Zealand VS Ireland,Ireland,Inning2,5,Gareth Delany,c Conway b Ferguson,10,8,12,2,0,125.0,out,T20I # 1862
New Zealand VS Ireland,Ireland,Inning2,6,George Dockrell,c Williamson b Ferguson,23,15,24,3,0,153.33,out,T20I # 1862
New Zealand VS Ireland,Ireland,Inning2,7,Curtis Campher,c Allen b Southee,7,7,10,1,0,100.0,out,T20I # 1862
New Zealand VS Ireland,Ireland,Inning2,8,Fionn Hand,c & b Ferguson,5,3,7,1,0,166.66,out,T20I # 1862
New Zealand VS Ireland,Ireland,Inning2,9,Mark Adair,c Phillips b Southee,4,5,9,0,0,80.0,out,T20I # 1862
New Zealand VS Ireland,Ireland,Inning2,10,Barry McCarthy,not out,6,5,10,0,0,120.0,not out,T20I # 1862
New Zealand VS Ireland,Ireland,Inning2,11,Josh Little,not out,8,4,3,0,1,200.0,not out,T20I # 1862
Australia VS Afghanistan,Australia,Inning1,1,David Warner,b Naveen-ul-Haq,25,18,28,5,0,138.88,out,T20I # 1864
Australia VS Afghanistan,Australia,Inning1,2,Cameron Green,c Gulbadin Naib b Fazalhaq Farooqi,3,2,12,0,0,150.0,out,T20I # 1864
Australia VS Afghanistan,Australia,Inning1,3,Mitchell Marsh,c Rahmanullah Gurbaz b Mujeeb Ur Rahman,45,30,42,3,2,150.0,out,T20I # 1864
Australia VS Afghanistan,Australia,Inning1,4,Steven Smith,lbw b Naveen-ul-Haq,4,4,6,1,0,100.0,out,T20I # 1864
Australia VS Afghanistan,Australia,Inning1,5,Marcus Stoinis,c Usman Ghani b Rashid Khan,25,21,41,0,2,119.04,out,T20I # 1864
Australia VS Afghanistan,Australia,Inning1,6,Glenn Maxwell,not out,54,32,46,6,2,168.75,not out,T20I # 1864
Australia VS Afghanistan,Australia,Inning1,7,Matthew Wade(c),b Fazalhaq Farooqi,6,8,14,1,0,75.0,out,T20I # 1864
Australia VS Afghanistan,Australia,Inning1,8,Pat Cummins,c Rashid Khan b Naveen-ul-Haq,0,2,4,0,0,0.0,out,T20I # 1864
Australia VS Afghanistan,Australia,Inning1,9,Kane Richardson,run out (Naveen-ul-Haq),1,1,6,0,0,100.0,out,T20I # 1864
Australia VS Afghanistan,Australia,Inning1,10,Adam Zampa,not out,1,1,5,0,0,100.0,not out,T20I # 1864
Australia VS Afghanistan,Afghanistan,Inning2,1,Rahmanullah Gurbaz,c Warner b Richardson,30,17,31,2,2,176.47,out,T20I # 1864
Australia VS Afghanistan,Afghanistan,Inning2,2,Usman Ghani,c Cummins b Hazlewood,2,7,16,0,0,28.57,out,T20I # 1864
Australia VS Afghanistan,Afghanistan,Inning2,3,Ibrahim Zadran,c Marsh b Zampa,26,33,55,2,0,78.78,out,T20I # 1864
Australia VS Afghanistan,Afghanistan,Inning2,4,Gulbadin Naib,run out (Maxwell),39,23,38,3,2,169.56,out,T20I # 1864
Australia VS Afghanistan,Afghanistan,Inning2,5,Mohammad Nabi(c),c Warner b Hazlewood,1,2,10,0,0,50.0,out,T20I # 1864
Australia VS Afghanistan,Afghanistan,Inning2,6,Najibullah Zadran,c Maxwell b Zampa,0,2,3,0,0,0.0,out,T20I # 1864
Australia VS Afghanistan,Afghanistan,Inning2,7,Darwish Rasooli,run out (Wade/Stoinis),15,13,28,1,0,115.38,out,T20I # 1864
Australia VS Afghanistan,Afghanistan,Inning2,8,Rashid Khan,not out,48,23,27,3,4,208.69,not out,T20I # 1864
Australia VS Afghanistan,Afghanistan,Inning2,9,Naveen-ul-Haq,not out,0,0,4,0,0,0.0,not out,T20I # 1864
Sri Lanka VS England,Sri Lanka,Inning1,1,Pathum Nissanka,c sub (CJ Jordan) b Rashid,67,45,70,2,5,148.88,out,T20I # 1867
Sri Lanka VS England,Sri Lanka,Inning1,2,Kusal Mendis,c Livingstone b Woakes,18,14,21,1,1,128.57,out,T20I # 1867
Sri Lanka VS England,Sri Lanka,Inning1,3,Dhananjaya de Silva,c Stokes b Curran,9,11,17,0,0,81.81,out,T20I # 1867
Sri Lanka VS England,Sri Lanka,Inning1,4,Charith Asalanka,c Malan b Stokes,8,9,15,0,0,88.88,out,T20I # 1867
Sri Lanka VS England,Sri Lanka,Inning1,5,Bhanuka Rajapaksa,c Curran b Wood,22,22,41,3,0,100.0,out,T20I # 1867
Sri Lanka VS England,Sri Lanka,Inning1,6,Dasun Shanaka(c),c Buttler b Wood,3,8,12,0,0,37.5,out,T20I # 1867
Sri Lanka VS England,Sri Lanka,Inning1,7,Wanindu Hasaranga de Silva,run out (Buttler/Wood),9,9,13,1,0,100.0,out,T20I # 1867
Sri Lanka VS England,Sri Lanka,Inning1,8,Chamika Karunaratne,c Hales b Wood,0,2,3,0,0,0.0,out,T20I # 1867
Sri Lanka VS England,Sri Lanka,Inning1,9,Maheesh Theekshana,not out,0,0,2,0,0,0.0,not out,T20I # 1867
Sri Lanka VS England,England,Inning2,1,Jos Buttler(c),c Karunaratne b PWH de Silva,28,23,35,2,1,121.73,out,T20I # 1867
Sri Lanka VS England,England,Inning2,2,Alex Hales,c & b PWH de Silva,47,30,42,7,1,156.66,out,T20I # 1867
Sri Lanka VS England,England,Inning2,3,Ben Stokes,not out,42,36,59,2,0,116.66,not out,T20I # 1867
Sri Lanka VS England,England,Inning2,4,Harry Brook,c & b DM de Silva,4,5,9,0,0,80.0,out,T20I # 1867
Sri Lanka VS England,England,Inning2,5,Liam Livingstone,c DM de Silva b Kumara,4,6,10,0,0,66.66,out,T20I # 1867
Sri Lanka VS England,England,Inning2,6,Moeen Ali,c Shanaka b DM de Silva,1,5,8,0,0,20.0,out,T20I # 1867
Sri Lanka VS England,England,Inning2,7,Sam Curran,c Rajitha b Kumara,6,11,16,0,0,54.54,out,T20I # 1867
Sri Lanka VS England,England,Inning2,8,Chris Woakes,not out,5,3,11,1,0,166.66,not out,T20I # 1867
Netherlands VS South Africa,Netherlands,Inning1,1,Stephan Myburgh,c Rossouw b Markram,37,30,41,7,0,123.33,out,T20I # 1871
Netherlands VS South Africa,Netherlands,Inning1,2,Max O'Dowd,c Rabada b Maharaj,29,31,61,1,1,93.54,out,T20I # 1871
Netherlands VS South Africa,Netherlands,Inning1,3,Tom Cooper,c de Kock b Maharaj,35,19,30,2,2,184.21,out,T20I # 1871
Netherlands VS South Africa,Netherlands,Inning1,4,Colin Ackermann,not out,41,26,31,3,2,157.69,not out,T20I # 1871
Netherlands VS South Africa,Netherlands,Inning1,5,Bas de Leede,b Nortje,1,7,11,0,0,14.28,out,T20I # 1871
Netherlands VS South Africa,Netherlands,Inning1,6,Scott Edwards(c),not out,12,7,11,2,0,171.42,not out,T20I # 1871
Netherlands VS South Africa,South Africa,Inning2,1,Quinton de Kock,c Edwards b Klaassen,13,13,12,1,1,100.0,out,T20I # 1871
Netherlands VS South Africa,South Africa,Inning2,2,Temba Bavuma(c),b van Meekeren,20,20,26,2,0,100.0,out,T20I # 1871
Netherlands VS South Africa,South Africa,Inning2,3,Rilee Rossouw,c O'Dowd b Glover,25,19,29,2,0,131.57,out,T20I # 1871
Netherlands VS South Africa,South Africa,Inning2,4,Aiden Markram,c Myburgh b Klaassen,17,13,30,2,0,130.76,out,T20I # 1871
Netherlands VS South Africa,South Africa,Inning2,5,David Miller,c van der Merwe b Glover,17,17,28,1,0,100.0,out,T20I # 1871
Netherlands VS South Africa,South Africa,Inning2,6,Heinrich Klaasen,c van Beek b de Leede,21,18,27,0,1,116.66,out,T20I # 1871
Netherlands VS South Africa,South Africa,Inning2,7,Wayne Parnell,c Edwards b Glover,0,2,3,0,0,0.0,out,T20I # 1871
Netherlands VS South Africa,South Africa,Inning2,8,Keshav Maharaj,c O'Dowd b de Leede,13,12,20,0,1,108.33,out,T20I # 1871
Netherlands VS South Africa,South Africa,Inning2,9,Kagiso Rabada,not out,9,8,13,0,0,112.5,not out,T20I # 1871
Netherlands VS South Africa,South Africa,Inning2,10,Anrich Nortje,not out,4,1,2,1,0,400.0,not out,T20I # 1871
Bangladesh VS Pakistan,Bangladesh,Inning1,1,Najmul Hossain Shanto,b Iftikhar Ahmed,54,48,66,7,0,112.5,out,T20I # 1872
Bangladesh VS Pakistan,Bangladesh,Inning1,2,Litton Das,c Shan Masood b Shaheen Shah Afridi,10,8,15,0,1,125.0,out,T20I # 1872
Bangladesh VS Pakistan,Bangladesh,Inning1,3,Soumya Sarkar,c Shan Masood b Shadab Khan,20,17,38,1,1,117.64,out,T20I # 1872
Bangladesh VS Pakistan,Bangladesh,Inning1,4,Shakib Al Hasan(c),lbw b Shadab Khan,0,1,4,0,0,0.0,out,T20I # 1872
Bangladesh VS Pakistan,Bangladesh,Inning1,5,Afif Hossain,not out,24,20,47,3,0,120.0,not out,T20I # 1872
Bangladesh VS Pakistan,Bangladesh,Inning1,6,Mosaddek Hossain,b Shaheen Shah Afridi,5,11,17,0,0,45.45,out,T20I # 1872
Bangladesh VS Pakistan,Bangladesh,Inning1,7,Nurul Hasan,c Mohammad Haris b Shaheen Shah Afridi,0,3,4,0,0,0.0,out,T20I # 1872
Bangladesh VS Pakistan,Bangladesh,Inning1,8,Taskin Ahmed,c Babar Azam b Shaheen Shah Afridi,1,5,8,0,0,20.0,out,T20I # 1872
Bangladesh VS Pakistan,Bangladesh,Inning1,9,Nasum Ahmed,c Mohammad Wasim b Haris Rauf,7,6,9,1,0,116.66,out,T20I # 1872
Bangladesh VS Pakistan,Bangladesh,Inning1,10,Mustafizur Rahman,not out,0,1,1,0,0,0.0,not out,T20I # 1872
Bangladesh VS Pakistan,Pakistan,Inning2,1,Mohammad Rizwan,c Najmul Hossain Shanto b Ebadot Hossain,32,32,51,2,1,100.0,out,T20I # 1872
Bangladesh VS Pakistan,Pakistan,Inning2,2,Babar Azam(c),c Mustafizur Rahman b Nasum Ahmed,25,33,46,2,0,75.75,out,T20I # 1872
Bangladesh VS Pakistan,Pakistan,Inning2,3,Mohammad Nawaz,run out (Litton Das),4,11,27,0,0,36.36,out,T20I # 1872
Bangladesh VS Pakistan,Pakistan,Inning2,4,Mohammad Haris,c Nasum Ahmed b Shakib Al Hasan,31,18,31,1,2,172.22,out,T20I # 1872
Bangladesh VS Pakistan,Pakistan,Inning2,5,Shan Masood,not out,24,14,20,2,0,171.42,not out,T20I # 1872
Bangladesh VS Pakistan,Pakistan,Inning2,6,Iftikhar Ahmed,c Najmul Hossain Shanto b Mustafizur Rahman,1,3,8,0,0,33.33,out,T20I # 1872
Bangladesh VS Pakistan,Pakistan,Inning2,7,Shadab Khan,not out,0,0,2,0,0,0.0,not out,T20I # 1872
India VS Zimbabwe,India,Inning1,1,KL Rahul,c Masakadza b Sikandar Raza,51,35,59,3,3,145.71,out,T20I # 1873
India VS Zimbabwe,India,Inning1,2,Rohit Sharma(c),c Masakadza b Muzarabani,15,13,20,2,0,115.38,out,T20I # 1873
India VS Zimbabwe,India,Inning1,3,Virat Kohli,c Burl b Williams,26,25,36,2,0,104.0,out,T20I # 1873
India VS Zimbabwe,India,Inning1,4,Suryakumar Yadav,not out,61,25,44,6,4,244.0,not out,T20I # 1873
India VS Zimbabwe,India,Inning1,5,Rishabh Pant,c Burl b Williams,3,5,7,0,0,60.0,out,T20I # 1873
India VS Zimbabwe,India,Inning1,6,Hardik Pandya,c Muzarabani b Ngarava,18,18,29,2,0,100.0,out,T20I # 1873
India VS Zimbabwe,India,Inning1,7,Axar Patel,not out,0,0,6,0,0,0.0,not out,T20I # 1873
India VS Zimbabwe,Zimbabwe,Inning2,1,Wessly Madhevere,c Kohli b Kumar,0,1,1,0,0,0.0,out,T20I # 1873
India VS Zimbabwe,Zimbabwe,Inning2,2,Craig Ervine(c),c & b Pandya,13,15,37,2,0,86.66,out,T20I # 1873
India VS Zimbabwe,Zimbabwe,Inning2,3,Regis Chakabva,b Arshdeep Singh,0,6,9,0,0,0.0,out,T20I # 1873
India VS Zimbabwe,Zimbabwe,Inning2,4,Sean Williams,c Kumar b Mohammed Shami,11,18,22,0,1,61.11,out,T20I # 1873
India VS Zimbabwe,Zimbabwe,Inning2,5,Sikandar Raza,c Yadav b Pandya,34,24,53,3,0,141.66,out,T20I # 1873
India VS Zimbabwe,Zimbabwe,Inning2,6,Tony Munyonga,lbw b Mohammed Shami,5,4,6,1,0,125.0,out,T20I # 1873
India VS Zimbabwe,Zimbabwe,Inning2,7,Ryan Burl,b Ashwin,35,22,27,5,1,159.09,out,T20I # 1873
India VS Zimbabwe,Zimbabwe,Inning2,8,Wellington Masakadza,c Sharma b Ashwin,1,7,8,0,0,14.28,out,T20I # 1873
India VS Zimbabwe,Zimbabwe,Inning2,9,Richard Ngarava,b Ashwin,1,2,4,0,0,50.0,out,T20I # 1873
India VS Zimbabwe,Zimbabwe,Inning2,10,Tendai Chatara,c & b Patel,4,4,11,1,0,100.0,out,T20I # 1873
India VS Zimbabwe,Zimbabwe,Inning2,11,Blessing Muzarabani,not out,0,2,5,0,0,0.0,not out,T20I # 1873
New Zealand VS Pakistan,New Zealand,Inning1,1,Finn Allen,lbw b Shaheen Shah Afridi,4,3,6,1,0,133.33,out,T20I # 1877
New Zealand VS Pakistan,New Zealand,Inning1,2,Devon Conway,run out (Shadab Khan),21,20,35,3,0,105.0,out,T20I # 1877
New Zealand VS Pakistan,New Zealand,Inning1,3,Kane Williamson(c),b Shaheen Shah Afridi,46,42,81,1,1,109.52,out,T20I # 1877
New Zealand VS Pakistan,New Zealand,Inning1,4,Glenn Phillips,c & b Mohammad Nawaz,6,8,9,1,0,75.0,out,T20I # 1877
New Zealand VS Pakistan,New Zealand,Inning1,5,Daryl Mitchell,not out,53,35,60,3,1,151.42,not out,T20I # 1877
New Zealand VS Pakistan,New Zealand,Inning1,6,James Neesham,not out,16,12,19,1,0,133.33,not out,T20I # 1877
New Zealand VS Pakistan,Pakistan,Inning2,1,Mohammad Rizwan,c Phillips b Boult,57,43,77,5,0,132.55,out,T20I # 1877
New Zealand VS Pakistan,Pakistan,Inning2,2,Babar Azam(c),c Mitchell b Boult,53,42,56,7,0,126.19,out,T20I # 1877
New Zealand VS Pakistan,Pakistan,Inning2,3,Mohammad Haris,c Allen b Santner,30,26,32,2,1,115.38,out,T20I # 1877
New Zealand VS Pakistan,Pakistan,Inning2,4,Shan Masood,not out,3,4,13,0,0,75.0,not out,T20I # 1877
New Zealand VS Pakistan,Pakistan,Inning2,5,Iftikhar Ahmed,not out,0,0,3,0,0,0.0,not out,T20I # 1877
India VS England,India,Inning1,1,KL Rahul,c Buttler b Woakes,5,5,8,1,0,100.0,out,T20I # 1878
India VS England,India,Inning1,2,Rohit Sharma(c),c Curran b Jordan,27,28,37,4,0,96.42,out,T20I # 1878
India VS England,India,Inning1,3,Virat Kohli,c Rashid b Jordan,50,40,75,4,1,125.0,out,T20I # 1878
India VS England,India,Inning1,4,Suryakumar Yadav,c Salt b Rashid,14,10,14,1,1,140.0,out,T20I # 1878
India VS England,India,Inning1,5,Hardik Pandya,hit wicket b Jordan,63,33,47,4,5,190.9,out,T20I # 1878
India VS England,India,Inning1,6,Rishabh Pant,run out (Buttler/Jordan),6,4,13,1,0,150.0,out,T20I # 1878
India VS England,India,Inning1,7,Ravichandran Ashwin,not out,0,0,4,0,0,0.0,not out,T20I # 1878
India VS England,England,Inning2,1,Jos Buttler(c),not out,80,49,74,9,3,163.26,not out,T20I # 1878
India VS England,England,Inning2,2,Alex Hales,not out,86,47,74,4,7,182.97,not out,T20I # 1878
Pakistan VS England,Pakistan,Inning1,1,Mohammad Rizwan,b Curran,15,14,24,0,1,107.14,out,T20I # 1879
Pakistan VS England,Pakistan,Inning1,2,Babar Azam(c),c & b Rashid,32,28,58,2,0,114.28,out,T20I # 1879
Pakistan VS England,Pakistan,Inning1,3,Mohammad Haris,c Stokes b Rashid,8,12,15,1,0,66.66,out,T20I # 1879
Pakistan VS England,Pakistan,Inning1,4,Shan Masood,c Livingstone b Curran,38,28,46,2,1,135.71,out,T20I # 1879
Pakistan VS England,Pakistan,Inning1,5,Iftikhar Ahmed,c Buttler b Stokes,0,6,8,0,0,0.0,out,T20I # 1879
Pakistan VS England,Pakistan,Inning1,6,Shadab Khan,c Woakes b Jordan,20,14,26,2,0,142.85,out,T20I # 1879
Pakistan VS England,Pakistan,Inning1,7,Mohammad Nawaz,c Livingstone b Curran,5,7,11,0,0,71.42,out,T20I # 1879
Pakistan VS England,Pakistan,Inning1,8,Mohammad Wasim,c Livingstone b Jordan,4,8,12,0,0,50.0,out,T20I # 1879
Pakistan VS England,Pakistan,Inning1,9,Shaheen Shah Afridi,not out,5,3,8,1,0,166.66,not out,T20I # 1879
Pakistan VS England,Pakistan,Inning1,10,Haris Rauf,not out,1,1,3,0,0,100.0,not out,T20I # 1879
Pakistan VS England,England,Inning2,1,Jos Buttler(c),c Mohammad Rizwan b Haris Rauf,26,17,33,3,1,152.94,out,T20I # 1879
Pakistan VS England,England,Inning2,2,Alex Hales,b Shaheen Shah Afridi,1,2,6,0,0,50.0,out,T20I # 1879
Pakistan VS England,England,Inning2,3,Phil Salt,c Iftikhar Ahmed b Haris Rauf,10,9,16,2,0,111.11,out,T20I # 1879
Pakistan VS England,England,Inning2,4,Ben Stokes,not out,52,49,81,5,1,106.12,not out,T20I # 1879
Pakistan VS England,England,Inning2,5,Harry Brook,c Shaheen Shah Afridi b Shadab Khan,20,23,36,1,0,86.95,out,T20I # 1879
Pakistan VS England,England,Inning2,6,Moeen Ali,b Mohammad Wasim,19,13,30,3,0,146.15,out,T20I # 1879
Pakistan VS England,England,Inning2,7,Liam Livingstone,not out,1,1,3,0,0,100.0,not out,T20I # 1879
